소매처코드,소매처명
6000015,有限会社木村屋
6000104,加藤産業株式会社東関東支社千葉支店
6000104,千葉薬品
6000131,京成ストア
6000181,くすりの福太郎
6000185,三井物産流通グループ株式会社東北支社
6000185,Ａコープ
6000185,国分九州株式会社宮崎営業所
6000193,おおたや
6000204,尾張屋
6000204,加藤産業株式会社東関東支社千葉支店
6000210,カワグチ
6000210,カワグチＳＣ本部
6000214,国分首都圏株式会社第二支社西東京支店
6000214,ケーヨー
6000278,ワイズマート
6000280,加藤産業株式会社九州支社福岡支店
6000280,加藤産業株式会社中四国支社四国支店
6000280,加藤産業株式会社北近畿支社京都支店
6000280,加藤産業株式会社中四国支社岡山支店
6000280,加藤産業株式会社北近畿支社北大阪支店
6000280,国分東北株式会社仙台支店
6000280,加藤産業株式会社南近畿支社阪和支店
6000280,ドン・キホーテ
6000280,加藤産業株式会社西近畿支社阪神支店
6000280,加藤産業株式会社中部支社静岡営業所
6000280,加藤産業株式会社東北支社山形営業所
6000295,三和（おっ母さん）
6000299,木田屋商店
6000303,ユアサ・フナショクその他
6000303,ユアサ・フナショク株式会社その他
6000323,やましろや
6000325,万寿屋
6000325,国分関信越株式会社群馬支社
6000329,武田食品
6000336,ビッグヨーサン
6000355,ウィズ
6000369,セイミヤ
6000385,エービン
6000388,マルゲン
6000389,ヤマイチ
6000417,三菱食品株式会社広域流通本部広域営業グループ
6000417,オーケー
6000417,オーケー株式会社
6000492,国分関信越株式会社栃木支社
6000492,ベルーフ
6000493,アブアブ赤札堂
6000493,三井食品株式会社首都圏支社中央営業部営業第二室
6000495,国分関信越株式会社栃木支社
6000495,京浜さえき
6000495,さえき
6000496,山梨さえき
6000522,加藤産業株式会社東関東支社足立支店
6000522,二木
6000524,マルエイ（新鮮市場）
6000525,マルマンストア
6000549,カネカ村市株式会社
6000549,カネカ水産株式会社
6000549,カネカ水産
6000576,加藤産業株式会社南近畿支社阪南支店
6000576,越前屋
6000578,スーパー王子
6000578,加藤産業株式会社北近畿支社北大阪支店
6000579,関西スーパーマーケット
6000579,関西スーパー
6000581,カノー
6000584,協和商事
6000584,オーエスドラッグ
6000584,協和商事株式会社
6000589,スーパーことぶき
6000593,佐竹食品
6000593,佐竹食品株式会社
6000594,三井食品株式会社首都圏支社東京営業部営業第一室
6000594,サンディ
6000594,国分西日本株式会社近畿支社
6000595,山陽マルナカ
6000596,加藤産業株式会社南近畿支社阪南支店
6000596,上新電機株式会社
6000596,加藤産業株式会社西近畿支社神姫支店
6000596,上新電機
6000600,スーパー玉出
6000601,大平株式会社
6000601,大平
6000604,加藤産業株式会社北近畿支社京都支店
6000604,ハッピーテラダ
6000606,天満屋
6000606,三菱食品中四国支社営業グループ岡山ユニット
6000608,トライアルクック
6000608,三井食品株式会社北海道支社食品営業部
6000608,トライアルカンパニー
6000608,トライアル
6000608,三井物産流通グループ株式会社東北支社
6000608,三井食品株式会社首都圏支社東京営業部営業第一室
6000610,楠公シャル
6000614,三菱食品株式会社関西支社営業第四部
6000614,加藤産業株式会社北近畿支社京都支店
6000614,パリヤ
6000615,パルヤマト
6000625,本峰商店
6000627,プラデス・マルトミ
6000630,マツヤスーパー本部
6000630,マツヤスーパー
6000632,万代
6000635,三杉屋
6000637,八百彦商店
6000752,ＴＨＤ関西株式会社サンキョー
6000752,ＡＮＣ関西株式会社サンキョー
6000752,ＡＮＣ関西サンキョー
6000753,ＡＮＣ関西株式会社なかむら
6000753,ＡＮＣ関西なかむら
6000753,ＴＨＤ関西株式会社なかむら
6000754,ＴＨＤ関西株式会社にしがき
6000754,ＡＮＣ関西株式会社にしがき
6000754,ＡＮＣ関西にしがき
6000760,ＴＨＤ四国支店土佐山田ＳＣ
6000760,土佐山田ＳＣ
6000765,ＴＳＫマート株式会社
6000765,ＴＳＫマート
6000765,加藤産業株式会社南近畿支社阪南支店
6000766,アクト中食株式会社（業務用食品スーパー）
6000766,加藤産業株式会社中四国支社広島支店
6000766,業務用食品スーパー
6000766,アクト中食（業務用食品スーパー）
6000766,アクト中食株式会社
6000768,エビス食品企業組合
6000769,えぷろんフーズ
6000769,えぷろんフーズ株式会社
6000774,こうち生活協同組合
6000779,シミズ薬品株式会社
6000779,三菱食品株式会社関西支社営業第三部
6000779,国分西日本株式会社近畿支社
6000779,シミズ薬品
6000789,ヒラキ
6000789,加藤産業株式会社西近畿支社神姫支店
6000789,ヒラキ株式会社
6000792,フォーレスト
6000792,フォーレスト株式会社
6000796,マルスフードショップ
6000796,マルスフードショップ株式会社
6000796,ＴＨＤ東海マルスフードショップ株
6000800,リカオー株式会社
6000800,リカオー
6000808,ＪＡ岡山
6000808,加藤産業株式会社中四国支社岡山支店
6000811,アートタウン香里
6000812,アカシヤ（大阪）
6000812,アカシヤ＜大阪＞
6000813,あがた
6000815,アスク
6000816,アスティ
6000816,加藤産業株式会社中四国支社広島支店
6000818,いさみ屋
6000819,イマムラ
6000822,エイヴイ
6000823,エースワン
6000824,エムジー
6000824,ＴＨＤ関西株式会社エムジー
6000827,国分関信越株式会社茨城支社
6000827,カスミ
6000829,かとりストアー
6000829,加藤産業株式会社九州支社長崎支店
6000831,カメガヤ
6000833,きくや酒店
6000836,スーパーキタムラ
6000836,キタムラ
6000838,きむら
6000838,加藤産業株式会社中四国支社四国支店
6000838,加藤産業株式会社中四国支社岡山支店
6000839,キョーエイ
6000839,三菱食品中四国支社四国支店営業ユニット
6000842,三菱食品株式会社中部支社営業部
6000842,加藤産業株式会社中部支社名古屋支店
6000842,キンブル
6000842,国分中部株式会社伊勢支店
6000845,ケイポートドラッグマート
6000846,ココスナカムラ
6000847,ころくや
6000851,サカイヤ
6000853,有限会社かまだ
6000854,国分北海道株式会社
6000854,サンアイ
6000856,サンシャインチェーン本部
6000856,ＴＨＤ四国株サンシャインチェーン
6000860,サンマートサカイ
6000862,ジェイエイ越智今治
6000863,シュフカワカミ
6000870,スーパーキタムラ
6000872,スエヒロコーポレーション
6000875,ストックスーパーサンコー
6000876,加藤産業株式会社中四国支社広島支店
6000876,スパーク
6000876,三菱食品株式会社中四国支社加食営業部
6000878,ぜにや
6000879,セブン
6000880,セブンスター
6000882,セルフのフルセ
6000883,そごうマート
6000883,ＴＨＤ四国株式会社そごうマート
6000884,ダイキョウ
6000885,加藤産業株式会社九州支社福岡支店
6000885,加藤産業株式会社中四国支社四国支店
6000885,加藤産業株式会社南関東支社湘南支店
6000885,加藤産業株式会社東北支社仙台支店
6000885,ダイコク
6000885,加藤産業株式会社北海道支社札幌支店
6000891,ツカサ
6000892,デイリーヤマザキ
6000892,三菱食品株式会社九州支社営業ＡＢＣ
6000892,ディリーヤマザキ
6000892,三菱食品株式会社ＣＶＳ本部関西
6000892,三菱食品株式会社ＣＶＳ本部
6000892,三菱食品株式会社ＣＶＳ本部東北
6000894,トーエイ
6000894,藤徳物産株式会社福山支店
6000896,とよはた
6000897,ドラッグ・アーバン
6000898,国分西日本株式会社岡山支店
6000898,加藤産業株式会社九州支社福岡支店
6000898,とれとれ市場
6000900,三井食品株式会社九州支社広域営業室
6000900,加藤産業株式会社九州支社宮崎営業所
6000900,ながやま
6000902,ナンコクスーパー
6000906,ノムラストアー
6000907,ツルハグループドラッグ＆ファーマシー西日本
6000908,ハートフレンド
6000909,ハズイ食料品店
6000913,パルパ
6000915,ヒーロー（茨城）
6000915,ヒーロー＜茨城＞
6000916,加藤産業株式会社南近畿支社阪和支店
6000916,ヒダカヤ
6000917,ビッグ．ナラ
6000917,ビッグナラ
6000935,マルサン＜埼玉＞
6000935,マルサンシステム
6000936,マルシゲ
6000938,マルナカ（香川）
6000938,国分西日本株式会社近畿支社
6000939,マルワ渡辺水産
6000943,ヤオキスーパー
6000944,ヤオミ
6000944,三菱食品株式会社中部支社営業部
6000946,加藤産業株式会社南近畿支社阪南支店
6000946,ヤマタ
6000948,ユアーズ
6000948,ＴＨＤ中国株式会社ユアーズ・Ｖ
6000954,よどや
6000956,リバティ長岡
6000958,ロピア
6000958,関西ロピア
6000960,ワタナベストアー
6000965,加藤産業株式会社南関東支社南東京支店
6000965,荏原屋
6000967,音通エフ・リテール
6000969,灰吹屋薬局
6000970,丸久
6000970,国分西日本株式会社山口支店
6000971,丸合
6000978,ローソンストア１００
6000978,国分中部株式会社
6000978,国分首都圏株式会社ＳＭ・生協営業部
6000978,国分首都圏株式会社神奈川支社
6000978,国分西日本株式会社近畿支社
6000987,三井食品株式会社中部支社中部営業部
6000987,三米本店
6000987,サンヨネ
6000988,加藤産業株式会社北近畿支社北大阪支店
6000988,三豊
6000992,山信商店
6000992,伊藤忠食品株式会社東海営業本部
6000993,生鮮館山彦
6000993,山彦
6000993,加藤産業株式会社中部支社名古屋支店
6000994,加藤産業株式会社南近畿支社阪和支店
6000994,山本酒店
6000999,小林食品
6000999,コゲツ産業株式会社福岡支店
6001001,松山生協
6001001,加藤産業株式会社中四国支社四国支店
6001003,食品の店おおた
6001004,神鉄エンタープライズ
6001004,ＴＨＤ関西株式会社神鉄エンターＰ
6001004,加藤産業株式会社西近畿支社神姫支店
6001005,瀬戸内
6001006,石川屋
6001010,大国屋
6001013,加藤産業株式会社南関東支社南東京支店
6001013,大門サンケイ
6001016,中村屋＜奈良＞
6001016,中村屋（奈良）
6001027,加藤産業株式会社東北支社山形営業所
6001027,武田商店
6001031,末広
6001032,木村チェーン
6001032,加藤産業株式会社中四国支社四国支店
6001034,加藤産業株式会社北近畿支社北大阪支店
6001034,雷
6001038,間商事有限会社
6001045,光株式会社
6001045,光
6001047,高知県庁消費生活協同組合
6001050,今治立花農業協同組合
6001050,加藤産業株式会社中四国支社四国支店
6001056,藤徳物産株式会社岡山支店
6001056,三菱マテリアル直島生活協同組合
6001059,山崎製パン
6001059,三菱食品株式会社ＣＶＳ本部九州
6001059,山崎製パン株式会社
6001059,山崎製パンデイリーヤマザキ
6001059,三菱食品株式会社ＣＶＳ本部東北
6001059,三菱食品株式会社ＣＶＳ本部関西
6001059,三菱食品株式会社九州支社営業ＡＢＣ
6001059,三菱食品株式会社ＣＶＳ本部
6001059,山崎製パン株式会社（ＤＹ本部）
6001069,生活協同組合コープえひめ
6001069,三菱食品中四国支社四国支店愛媛ユニット
6001070,生活協同組合とくしま生協
6001077,全国農業協同組合連合会高知県本部
6001078,大阪市公設市場
6001078,大阪市公設市場株式会社
6001078,加藤産業株式会社北近畿支社北大阪支店
6001086,日東燃料工業株式会社
6001086,日東燃料工業
6001087,加藤産業株式会社中四国支社四国支店
6001087,国分西日本株式会社近畿支社
6001087,日東物産
6001101,有限会社いけびんストーア
6001109,有限会社グルメ
6001120,有限会社スーパーほりぐち
6001129,有限会社ナニワヤ
6001129,加藤産業株式会社南関東支社南東京支店
6001130,有限会社ハッピー川西
6001134,賛栄商事
6001134,賛栄商事株式会社
6001135,有限会社フジマート
6001143,有限会社ヤマトストアー
6001143,三菱食品株式会社中部支社営業部
6001144,有限会社ユーアイマート
6001144,加藤産業株式会社中四国支社四国支店
6001151,有限会社岡田商店＜鳥取＞
6001151,有限会社岡田商店
6001151,国分西日本株式会社山陰支店
6001167,有限会社山田商店＜京都＞
6001167,有限会社山田商店（京都）
6001176,有限会社大松支店
6001178,有限会社大正フードセンター
6001191,有限会社油甚
6001191,油甚飲料販売株式会社
6001191,加藤産業株式会社南近畿支社阪和支店
6001191,油甚
6001191,油甚酒類販売株式会社
6001191,油甚商店株式会社
6001191,油甚マーケティング株式会社
6001191,油甚食品販売株式会社
6003653,ニュー・クイック
6003667,サンライズ坂本
6003669,加藤産業株式会社西近畿支社神姫支店
6003669,１００円ショップグリーン
6003670,加藤産業株式会社北関東支社新潟支店
6003670,アークランドサカモト
6003670,国分関信越株式会社信越支社新潟支店
6003670,アークランドサカモト株式会社
6003671,国分関信越株式会社信越支社新潟支店
6003671,加藤産業株式会社北関東支社新潟支店
6003671,アキラ産業
6003671,アキラ産業株式会社
6003672,イオンビッグ株式会社
6003672,加藤産業株式会社南近畿支社阪和支店
6003672,加藤産業株式会社東関東支社千葉支店
6003672,加藤産業株式会社南関東支社湘南支店
6003672,加藤産業株式会社中部支社名古屋支店
6003672,加藤産業株式会社東北支社仙台支店
6003672,イオンビッグ
6003672,加藤産業株式会社中部支社静岡営業所
6003674,イオン九州
6003674,イオン九州株式会社
6003674,加藤産業株式会社九州支社福岡支店
6003675,加藤産業株式会社北関東支社新潟支店
6003675,加藤産業株式会社中四国支社岡山支店
6003675,加藤産業株式会社東関東支社千葉支店
6003675,加藤産業株式会社西近畿支社神姫支店
6003675,加藤産業株式会社東北支社仙台支店
6003675,加藤産業株式会社南近畿支社阪和支店
6003675,加藤産業株式会社東北支社秋田支店
6003675,加藤産業株式会社中四国支社四国支店
6003675,イオンリテール
6003675,加藤産業株式会社中部支社静岡営業所
6003675,イオンリテール株式会社
6003675,加藤産業株式会社中四国支社広島支店
6003675,加藤産業株式会社南関東支社湘南支店
6003675,加藤産業株式会社中部支社名古屋支店
6003675,加藤産業株式会社東北支社山形営業所
6003678,イオンリテールＳＵＣ
6003678,イオンリテール株式会社ＳＵＣ
6003678,加藤産業株式会社東北支社仙台支店
6003679,イオンリテール株式会社アコレ
6003679,イオンリテールアコレ
6003681,イオンリテールカフェランテ
6003681,イオンリテール株式会社カフェランテ
6003682,加藤産業株式会社南関東支社南東京支店
6003682,三菱食品株式会社北海道支社加食営業部
6003682,イオンリテール株式会社まいばすけっと
6003682,イオンリテールまいばすけっと
6003684,イオン北海道株式会社
6003684,三菱食品株式会社北海道支社加食営業部
6003684,加藤産業株式会社北海道支社札幌支店
6003684,イオン北海道
6003685,国分九州株式会社沖縄支店
6003685,加藤産業株式会社九州支社福岡支店
6003685,イオン琉球
6003685,イオン琉球株式会社
6003688,糸島農業協同組合
6003693,Ｇ７リコスストアズ
6003695,アカカベ
6003696,ト一屋
6003696,秋田ト一屋
6003697,油屋
6003697,国分西日本株式会社山陰支店
6003699,あみはま薬局
6003701,加藤産業株式会社九州支社福岡支店
6003701,アレス
6003702,加藤産業株式会社南近畿支社阪和支店
6003702,アローズ
6003706,伊藤忠食品株式会社東日本営業部
6003706,国分首都圏株式会社ＧＭＳ営業部
6003706,ウェルパーク
6003708,エース
6003708,三菱食品株式会社関西支社営業第四部
6003710,えびすや商店
6003711,加藤産業株式会社九州支社福岡支店
6003711,大賀薬局
6003712,大倉
6003713,オークワ
6003713,加藤産業株式会社南近畿支社阪和支店
6003713,加藤産業株式会社中部支社名古屋支店
6003714,加藤産業株式会社南関東支社南東京支店
6003714,オオゼキ
6003719,加藤産業株式会社北関東支社多摩支店
6003719,オザム
6003720,小田商店
6003720,加藤産業株式会社中四国支社岡山支店
6003724,カジロジスティックス
6003726,加藤産業株式会社南関東支社南東京支店
6003726,キシフォート
6003727,杏林堂薬局
6003727,加藤産業株式会社中部支社静岡営業所
6003728,くすりのコーエイ
6003728,加藤産業株式会社九州支社福岡支店
6003729,フレイン
6003729,熊本フレイン
6003730,加藤産業株式会社北関東支社埼玉支店
6003730,ケンゾー
6003731,業務用スーパー竹原店
6003731,国分西日本株式会社山陰支店
6003731,神戸物産西日本
6003731,神戸物産
6003737,サカガミグッドファーム
6003741,サンコー
6003743,三善
6003743,加藤産業株式会社中部支社静岡営業所
6003745,加藤産業株式会社東関東支社千葉支店
6003745,ジェーソン
6003746,加藤産業株式会社中部支社静岡営業所
6003746,シバタ
6003747,三菱食品株式会社営業第一本部第三グループ
6003747,島田屋
6003749,十字屋商店
6003753,加藤産業株式会社東北支社秋田支店
6003753,スーパー藤原
6003755,スーパーヨシムラ（卸値市場ヨシムラ＆ハッスル）
6003758,国分九州株式会社
6003758,ステーションフード
6003759,国分関信越株式会社埼玉支店
6003759,トモズ
6003759,加藤産業株式会社北関東支社多摩支店
6003760,国分関信越株式会社埼玉支店
6003760,セキ薬品
6003762,大黒流通チェーン
6003762,加藤産業株式会社北関東支社多摩支店
6003762,加藤産業株式会社南関東支社南東京支店
6003763,大地
6003766,加藤産業株式会社九州支社福岡支店
6003766,竹之下
6003770,たもり
6003771,加藤産業株式会社東北支社仙台支店
6003771,つかさ屋
6003772,加藤産業株式会社西近畿支社神姫支店
6003772,津名ショッピングセンター
6003774,加藤産業株式会社西近畿支社阪神支店
6003774,東神
6003775,トップマート
6003776,トミヤ
6003776,加藤産業株式会社南関東支社南東京支店
6003778,ＪＲ九州ドラッグイレブン
6003778,ＪＲ九州ドラッグイレブン株式会社
6003778,加藤産業株式会社九州支社福岡支店
6003778,加藤産業株式会社九州支社宮崎営業所
6003779,加藤産業株式会社北関東支社埼玉支店
6003779,とりせん
6003780,ナイス
6003780,加藤産業株式会社東北支社秋田支店
6003782,加藤産業株式会社西近畿支社神姫支店
6003782,ナガタ薬品
6003786,ヒバリヤ
6003786,加藤産業株式会社中部支社静岡営業所
6003788,加藤産業株式会社南関東支社湘南支店
6003788,加藤産業株式会社東関東支社足立支店
6003788,加藤産業株式会社西近畿支社阪神支店
6003788,加藤産業株式会社北関東支社多摩支店
6003788,加藤産業株式会社中四国支社広島支店
6003788,ファミリーマート
6003788,加藤産業株式会社東北支社仙台支店
6003788,加藤産業株式会社中四国支社岡山支店
6003788,加藤産業株式会社九州支社長崎支店
6003790,加藤産業株式会社中四国支社四国支店
6003790,三菱食品中四国支社四国支店愛媛ユニット
6003790,フジ
6003790,加藤産業株式会社中四国支社広島支店
6003790,加藤産業株式会社中四国支社岡山支店
6003791,ＴＨＤ関西不二商事株式会社
6003791,不二商事株式会社
6003791,不二商事
6003792,加藤産業株式会社中部支社静岡営業所
6003792,フルタヤ
6003793,文化堂
6003794,伊藤忠食品株式会社西日本営業部
6003794,三菱食品中部支社北陸支店営業Ｂユニット
6003794,平和堂
6003794,加藤産業株式会社北近畿支社京都支店
6003797,ベルク
6003799,加藤産業株式会社西近畿支社神姫支店
6003799,ホームセンターアグロ
6003802,まるいちフードセンター
6003802,まるいちフードセンター（福島）
6003807,マルニ
6003807,加藤産業株式会社東北支社仙台支店
6003808,マルハチ
6003808,加藤産業株式会社西近畿支社神姫支店
6003818,やまか
6003818,三菱食品株式会社営業第二本部神奈川エリアオフィス
6003819,加藤産業株式会社東北支社山形営業所
6003819,ヤマザワ
6003821,ユニカムドラッグ
6003823,加藤産業株式会社東関東支社足立支店
6003823,吉池
6003824,リカーマウンテン
6003825,加藤産業株式会社中四国支社岡山支店
6003825,レディ薬局
6003825,加藤産業株式会社中四国支社四国支店
6003825,加藤産業株式会社中四国支社広島支店
6003826,和光
6003827,加藤産業株式会社東関東支社千葉支店
6003827,ワタナベ
6003827,加藤産業株式会社南関東支社湘南支店
6003827,加藤産業株式会社中部支社静岡営業所
6003832,極東ファディ
6003832,極東ファディ株式会社
6003836,島屋株式会社
6003836,島屋
6003836,ジョイフルシマヤ
6003836,シマヤ
6003845,加藤産業株式会社中四国支社岡山支店
6003845,生活協同組合おかやまコープ
6003846,生活協同組合コープおきなわ
6003846,コープおきなわ
6003847,加藤産業株式会社中四国支社四国支店
6003847,生活協同組合コープかがわ
6003848,加藤産業株式会社中四国支社広島支店
6003848,稲田
6003851,加藤産業株式会社西近畿支社阪神支店
6003851,加藤産業株式会社中四国支社四国支店
6003851,加藤産業株式会社中四国支社広島支店
6003851,加藤産業株式会社九州支社宮崎営業所
6003851,加藤産業株式会社中四国支社岡山支店
6003851,ダイレックス株式会社
6003851,加藤産業株式会社北関東支社新潟支店
6003851,ダイレックス
6003851,加藤産業株式会社九州支社福岡支店
6003851,加藤産業株式会社北関東支社埼玉支店
6003854,加藤産業株式会社中部支社静岡営業所
6003854,たつみストアー株式会社
6003854,たつみストアー
6003857,ナガヤ
6003857,ナガヤ株式会社
6003857,加藤産業株式会社南関東支社湘南支店
6003862,日田市民生活協同組合
6003862,コゲツ産業株式会社福岡支店
6003866,加藤産業株式会社東北支社秋田支店
6003866,紅屋商事株式会社
6003866,紅屋商事
6003868,マークスＨＤ（フレスコ）
6003868,フレスコ関東
6003868,フレスコ
6003869,マックスバリュ関東
6003869,マックスバリュ関東株式会社
6003869,加藤産業株式会社東関東支社千葉支店
6003870,マックスバリュ九州
6003870,マックスバリュ九州株式会社
6003871,マックスバリュ九州株式会社ＢＩＧ
6003871,マックスバリュ九州ＢＩＧ
6003872,三菱食品株式会社関西支社営業第二部
6003872,マックスバリュ西日本株式会社
6003872,マックスバリュ西日本
6003872,加藤産業株式会社西近畿支社神姫支店
6003872,加藤産業株式会社中四国支社四国支店
6003872,加藤産業株式会社中四国支社岡山支店
6003875,マックスバリュ中部
6003875,マックスバリュ中部株式会社
6003876,マックスバリュ長野
6003876,マックスバリュ長野株式会社
6003878,マックスバリュ南東北
6003878,マックスバリュ南東北株式会社
6003878,加藤産業株式会社東北支社仙台支店
6003880,マックスバリュ北海道
6003880,マックスバリュ北海道株式会社
6003884,マックスバリュ北陸株式会社
6003884,マックスバリュ北陸
6003884,加藤産業株式会社中部支社名古屋支店
6003887,丸高商事株式会社
6003887,丸高商事
6003889,加藤産業株式会社東北支社山形営業所
6003889,加藤産業株式会社東北支社仙台支店
6003889,加藤産業株式会社南関東支社南東京支店
6003889,加藤産業株式会社九州支社福岡支店
6003889,三菱食品株式会社ＣＶＳ本部中四国
6003889,ミニストップ株式会社
6003889,三菱食品株式会社ＣＶＳ本部中部
6003889,三菱食品株式会社ＣＶＳ本部東北
6003889,三菱食品株式会社ＣＶＳ本部
6003889,三菱食品株式会社ＣＶＳ本部関西
6003889,ミニストップ
6003894,加藤産業株式会社西近畿支社神姫支店
6003894,イセダ屋（兵庫／酒）
6003895,加藤産業株式会社中四国支社四国支店
6003895,有限会社入谷食品センター
6003901,加藤産業株式会社九州支社長崎支店
6003901,有限会社スーパーウエスト
6003902,有限会社住友商店
6003904,加藤産業株式会社九州支社長崎支店
6003904,有限会社つばき屋
6003905,国分東北株式会社秋田支店
6003905,有限会社トーエー
6003905,加藤産業株式会社東北支社秋田支店
6003906,加藤産業株式会社東北支社秋田支店
6003906,有限会社ドジャース商事
6003911,ユニバーサルドラッグ株式会社
6003911,加藤産業株式会社東関東支社足立支店
6003911,ユニバーサルドラッグ
6003915,三和
6003915,加藤産業株式会社南関東支社湘南支店
6003915,国分首都圏株式会社神奈川支社
6003915,三和＜千葉＞
6003924,加藤産業株式会社東北支社秋田支店
6003924,日敷
6003962,スーパーヤオスズ株式会社
6003962,スーパーヤオスズ
6003964,サークルワン
6003964,加藤産業株式会社中四国支社広島支店
6003965,有限会社ママノ店シバノ
6012755,国分九州株式会社
6012755,国分西日本株式会社近畿支社
6012755,国分関信越株式会社埼玉支店
6012755,コクミン
6012755,国分北海道株式会社
6012755,国分東北株式会社郡山支店
6012755,三菱食品株式会社中部支社営業部
6012758,ＡＮＣ関西株式会社スーパーサンエー
6012758,ＡＮＣ関西スーパーサンエー
6012770,マロード（京都／メッサ北野）
6012809,トライウェル
6012812,マックスバリュ東北株式会社ＢＩＧ
6012812,マックスバリュ東北ＢＩＧ
6012887,やまや
6012888,エイチジーシー
6012901,一号舘
6012901,三菱食品株式会社中部支社営業部
6012903,生活協同組合コープやまぐち
6012903,加藤産業株式会社九州支社福岡支店
6012907,西岡酒店
6012908,三ツ丸ストア
6012910,食品館空港
6012911,加藤産業株式会社北近畿支社北大阪支店
6012911,岩喜
6013251,藤徳物産株式会社岡山支店
6013251,ライフケアスポットタカハラ
6013253,博多ステイシヨンフード株式会社
6013253,博多ステーションフード株式会社
6013253,コゲツ産業株式会社福岡支店
6013253,博多ステーションフード
6013255,有限会社山科食品
6013255,山科食品
6013258,有限会社森山
6013258,三菱食品株式会社中部支社営業部
6013259,大橋商店
6013275,有限会社岡南
6013275,有限会社岡南ＳＣ事業部
6013288,マルイチ
6013288,有限会社マルイチ
6013296,有限会社ドラッグフジカワ
6013303,加藤産業株式会社中四国支社四国支店
6013303,香川県農業協同組合
6013508,三菱食品株式会社営業第二本部北関東支店
6013508,だいまる
6013510,マツサカ株式会社
6013510,加藤産業株式会社中四国支社岡山支店
6013510,マツサカ
6013512,希望の店
6013513,有限会社スーパーぬきさこ
6013516,丸正高木
6013516,丸正高木商店
6013517,麻生芳雄商事株式会社
6013517,麻生芳雄商事
6013522,スーパーもりかわ
6013523,瀬川食品
6013525,北辰商事
6013525,三井食品株式会社首都圏支社東京営業部営業第一室
6013525,北辰商事株式会社
6013527,玉城
6013527,国分中部株式会社伊勢支店
6013530,佐野屋
6013548,トウズ
6013550,ニシイチドラッグ
6013800,トップワン
6013801,有限会社スーパーウチヤマダ
6013806,有限会社リアル
6013806,加藤産業株式会社北近畿支社北大阪支店
6013807,クリシマ
6013894,加藤産業株式会社九州支社宮崎営業所
6013894,ショッピングのだ
6013898,マルイチ（宮崎）
6013963,ニューライフフジ
6013963,ＡＮＣ東海ニューライフフジ
6013963,ＡＮＣ東海株式会社ニューライフフジ
6013963,三菱食品株式会社中部支社営業部
6014009,よしや
6014024,三平
6014080,魚住商店
6014111,一富士フードサービス
6014111,一富士フードサービス株式会社
6014147,エフ・クライミング
6014147,加藤産業株式会社南関東支社南東京支店
6014150,コイズミ産業
6014150,国分首都圏株式会社
6014152,国分首都圏株式会社第二支社西東京支店
6014152,饒田
6014269,加藤産業株式会社九州支社福岡支店
6014269,丸喜
6014270,ハットリー
6014270,ハットリー・永野
6014271,有限会社二軒屋商店
6014273,有限会社中央ストアー黒木
6014274,海星ムサシ
6014283,ジャパンミート
6014283,国分関信越株式会社栃木支社
6014284,富士マート
6014284,国分首都圏株式会社山梨支社
6014315,加藤産業株式会社九州支社長崎支店
6014315,スーパーまるまつ
6014570,ビバ甲子園
6014587,神崎屋
6014587,加藤産業株式会社北近畿支社京都支店
6014594,スーパーみらべる
6014713,デハラ
6014713,加藤産業株式会社南近畿支社阪南支店
6014714,豊月
6014714,三井食品株式会社北海道支社食品営業部
6014714,加藤産業株式会社北海道支社札幌支店
6014754,和歌山県農業協同組合連合会
6014754,和歌山県農業協同組合
6014802,酒のカワサキグループ
6014803,伊藤忠食品株式会社中四国支店
6014803,ハローズ（大阪）
6014833,有限会社中村商事
6014848,有限会社菜佳
6014848,加藤産業株式会社南近畿支社阪南支店
6014876,加藤産業株式会社北近畿支社京都支店
6014876,元三フード株式会社
6014876,元三フード
6014887,サンフレッシュ
6014888,三菱食品株式会社ＣＶＳ本部中四国
6014888,三菱食品株式会社ＣＶＳ本部九州
6014888,三菱食品株式会社ＣＶＳ本部北海道
6014888,ローソン
6014888,三菱食品株式会社ＣＶＳ本部関西
6014888,三菱食品株式会社ＣＶＳ本部東北
6014888,三菱食品株式会社ＣＶＳ本部中部
6014888,三菱食品株式会社ＣＶＳ本部
6014888,三菱食品株式会社沖縄ユニット
6016046,本間物産販売株式会社
6016046,本間物産販売
6016047,スター株式会社
6016047,スター
6016081,三河屋コーポレーション
6016081,三河屋コーポレーション株式会社
6016108,コスギ
6016108,三菱食品株式会社中部支社営業部
6016114,国分九州株式会社鹿児島支店
6016114,Ａマートアブヤス
6016266,協同組合亀岡ショッピングセンター
6016267,ミワ商店
6016267,加藤産業株式会社中四国支社四国支店
6016297,ウエルマート
6016297,ウエルマート株式会社
6016298,アスタラビスタ
6016298,加藤産業株式会社九州支社長崎支店
6016325,マルダイ
6016386,マツモト
6016386,三菱食品株式会社関西支社営業第四部
6016412,生活協同組合コープさっぽろ
6016412,加藤産業株式会社北海道支社札幌支店
6016517,ストックニシノ
6016517,加藤産業株式会社北近畿支社北大阪支店
6016541,加藤産業株式会社北関東支社埼玉支店
6016541,マミーマート
6016542,鮮ど坂元
6016542,ショッピングセンター坂元
6016627,いせ屋
6016654,産直
6016671,マルコシ・シーガル・マルシェ・デ・キッチン
6016671,シーガル生鮮市場
6016732,アンフレ
6016756,伊藤チェーン
6016784,オアシスＭＳＣ
6016968,三菱食品株式会社菓子本部営業第一部
6016968,有限会社サニーマート
6016968,三菱食品中四国支社四国支店高知ユニット
6017186,加藤産業株式会社東北支社秋田支店
6017186,加藤産業株式会社東北支社仙台支店
6017186,マックスバリュ東北
6017186,加藤産業株式会社東北支社山形営業所
6017186,マックスバリュ東北株式会社
6017247,国分関信越株式会社栃木支社
6017247,かましん
6017286,有限会社吉田商店
6017289,三徳
6017289,三菱食品株式会社営業第一本部第三グループ
6017334,一ウ商事
6017334,国分北海道株式会社
6017335,山形清分
6017335,国分東北株式会社山形支店
6017652,マルヤ
6017654,ビッグミカエル
6017744,コスモス薬品
6017744,国分九州株式会社
6017744,国分首都圏株式会社
6017744,国分中部株式会社
6017744,旭食品株式会社（コスモス薬品）
6017744,国分関信越株式会社茨城支社
6017744,国分西日本株式会社近畿支社
6017823,生活協同組合連合会コープ中国四国事業連合
6017823,加藤産業株式会社中四国支社広島支店
6017834,ツルハ東北
6017834,ツルハ
6017834,ツルハＧＤ＆Ｆ西日本
6017834,ツルハ北海道
6017839,国分関信越株式会社信越支社新潟支店
6017839,加藤産業株式会社北関東支社新潟支店
6017839,オーシャンシステム
6017840,加藤産業株式会社南近畿支社阪南支店
6017840,三井食品株式会社九州支社北部九州営業室
6017840,明治屋産業
6017840,明治屋産業株式会社
6017840,加藤産業株式会社九州支社福岡支店
6017840,加藤産業株式会社中四国支社広島支店
6017889,アオイサポート
6017899,荒井商事株式会社
6017899,三井物産流通グループ株式会社首都圏支社首都圏西営業部
6017899,荒井商事
6017945,安岡
6018087,フレッシュマート太陽
6018314,有限会社マルナカ
6018314,加藤産業株式会社九州支社宮崎営業所
6018449,オズメッセ
6018478,ニーズ
6018488,フードウェイ
6018488,三井食品株式会社九州支社北部九州営業室
6018488,三井物産流通グループ株式会社首都圏支社首都圏西営業部
6018489,イオンマーケット
6018489,イオンマーケット株式会社
6018489,加藤産業株式会社東関東支社千葉支店
6018573,三井食品株式会社首都圏支社東京営業部営業第一室
6018573,キャンドゥ
6018647,ビッグボスシバザキ株式会社
6018647,ビッグボスシバザキ
6018648,有限会社江角保商店
6018749,有限会社フードセンターわたなべ
6018940,ホームインブルーブメントひろせ
6018940,国分九州株式会社大分支店
6018940,ＨＩヒロセ
6019040,フーズランド
6019040,加藤産業株式会社中四国支社四国支店
6019040,国分西日本株式会社徳島支店
6019064,加藤産業株式会社九州支社宮崎営業所
6019064,国分九州株式会社鹿児島支店
6019064,あけぼの
6019095,吉田食品株式会社
6019095,吉田食品
6019114,大学生活協同組合
6019155,三幸
6019155,伊藤忠食品株式会社東海営業本部
6019155,三幸株式会社
6019179,伊能
6019182,国分首都圏株式会社神奈川支社
6019182,富士シティオ株式会社
6019182,富士シティオ
6019184,ワッツ
6019225,ママイ
6019225,ＴＨＤ四国支店ママイ
6019404,ゲンキー
6019404,加藤産業株式会社九州支社宮崎営業所
6019404,ゲンキー株式会社
6019404,国分九州株式会社北薩営業所
6019404,加藤産業株式会社北近畿支社京都支店
6019534,九州シジシー
6019570,加藤産業株式会社中四国支社岡山支店
6019570,オンリーワン
6019573,備前市場
6019573,加藤産業株式会社中四国支社岡山支店
6019573,備前市場株式会社
6019574,エイチ・ツー・オーリテイリング
6019574,エイチ・ツー・オーリテイリング株式会社
6019575,加藤産業株式会社北近畿支社京都支店
6019575,スーパーフジタ
6019579,ステップ
6019580,大川
6019580,加藤産業株式会社南近畿支社阪和支店
6019581,加藤産業株式会社中部支社名古屋支店
6019581,不二屋
6019582,モリワキ
6019582,加藤産業株式会社北海道支社札幌支店
6019582,国分北海道株式会社
6019765,ユニリビング
6019770,生協ひろしま
6019770,加藤産業株式会社中四国支社広島支店
6019771,三角商事株式会社
6019771,三角商事
6019771,コゲツ産業株式会社北九州支店
6019773,サンモール
6019774,ふくしま
6019774,国分西日本株式会社山陰支店
6020450,三菱食品株式会社関西支社営業第二部
6020450,光洋
6020451,有限会社アズーロ
6020520,加藤産業株式会社西近畿支社阪神支店
6020520,イージャパンアンドカンパニー
6020609,日立物流
6020846,チューオースーパー
6020847,加藤産業株式会社南近畿支社阪和支店
6020847,岡丸商店
6020871,ショップ五条
6020871,加藤産業株式会社北近畿支社北大阪支店
6020900,御所リゾート
6020901,小西青果株式会社（兵庫／くらし快援隊）
6020901,小西青果（兵庫／くらし快援隊）
6020901,ディスカウント小西
6021016,ダイマル本店
6021017,国分西日本株式会社山口支店
6021017,サンキュー株式会社
6021017,サンキュー
6021017,三井食品株式会社九州支社北部九州営業室
6021019,三菱食品株式会社営業第一本部第一グループ
6021019,信濃屋食品
6021088,日之出屋岩橋
6021088,加藤産業株式会社南近畿支社阪和支店
6021595,永野
6021729,木村商店
6021730,ＪＡながさき県央
6021730,加藤産業株式会社九州支社長崎支店
6021730,国分九州株式会社
6021767,加藤産業株式会社九州支社長崎支店
6021767,ダンクユー
6021811,加藤産業株式会社南関東支社湘南支店
6021811,フラワーランド
6021882,寺本商事
6021954,小山商事
6021954,小山商事株式会社
6021970,モーリ
6021971,加藤産業株式会社南近畿支社阪南支店
6021971,北庄（スーパー北庄／大阪）
6022391,国分九州株式会社鹿児島支店
6022391,大和
6022392,生活協同組合コープみやざき
6022392,コープ宮崎
6022393,三菱食品株式会社営業第二本部神奈川エリアオフィス
6022393,横濱屋
6022394,イトーヨーカドー
6022394,三菱食品東北支社南東北支店福島ユニット
6022394,伊藤忠食品株式会社東日本営業部
6022394,イトーヨーカ堂
6022394,伊藤忠食品株式会社西日本営業部
6022394,三井物産流通Ｇリテールユニットグローサリー事業本部
6022394,三井食品株式会社中部支社中部営業部
6022394,伊藤忠食品株式会社東海営業本部
6022394,三菱食品株式会社関西支社営業第二部
6022394,三菱食品株式会社広域流通本部広域営業グループ
6022394,三井物産流通グループ株式会社中部支社量販営業部
6022394,三菱食品株式会社中部支社営業部
6022395,三菱食品株式会社営業第一本部第一グループ
6022395,ライフコーポレーション（東京）
6022396,コモディイイダ
6022396,三菱食品株式会社営業第一本部第三グループ
6022397,国分首都圏株式会社
6022397,三菱食品株式会社広域流通本部広域営業グループ
6022397,いなげや
6022398,千坂
6022398,千坂古川支店
6022398,千坂仙台支店
6022400,ニュークイック
6022401,エース（北野エース）
6022401,三菱食品株式会社営業第一本部第一グループ
6022401,三菱食品株式会社九州支社営業ＡＢＣ
6022402,藤桂京伊株式会社
6022402,三菱食品株式会社中部支社営業部
6022402,藤桂京伊
6022403,デリシア
6022404,三菱食品株式会社北海道支社加食営業部
6022404,ラルズ
6022404,国分北海道株式会社
6022405,三菱食品株式会社九州支社営業ＡＢＣ
6022405,三菱食品株式会社鹿児島支店
6022405,西鉄ストア
6022407,国分東北株式会社仙台支店
6022407,大学生協東北事業連合
6022408,西山商事（卸／名古屋）
6022408,西山商事株式会社（卸／名古屋）
6022408,三菱食品株式会社中部支社営業部
6022409,国分東北株式会社郡山支店
6022409,三菱食品東北支社南東北支店福島ユニット
6022409,伊藤忠食品株式会社東日本営業部
6022409,ヨークベニマル
6022409,三菱食品株式会社東北支社南東北支店（菓子）
6022410,三菱食品株式会社営業第二本部山梨エリアオフィス
6022410,オギノ
6022411,伊藤忠食品株式会社中四国支店
6022411,マルヨシセンター
6022413,大学生協東京事業連合
6022413,国分首都圏株式会社
6022415,三菱食品株式会社営業第二本部北関東支店
6022415,フレッセイ
6022417,三菱食品株式会社営業第二本部北関東支店
6022417,福田屋百貨店
6022418,三菱食品株式会社営業第二本部北関東支店
6022418,八百半フードセンター
6022419,三菱食品株式会社営業第二本部北関東支店
6022419,結城ショッピングセンター
6022421,道東アークス
6022421,三菱食品北海道支社北見ユニット
6022423,デイ・リンク
6022423,加藤産業株式会社中四国支社広島支店
6022423,三菱食品株式会社中四国支社加食営業部
6022424,百合ヶ丘産業株式会社
6022424,三菱食品株式会社営業第二本部神奈川エリアオフィス
6022424,百合ヶ丘産業
6022425,三菱食品株式会社営業第二本部神奈川エリアオフィス
6022425,たまや
6022426,三菱食品株式会社営業第二本部神奈川エリアオフィス
6022426,小田原百貨店
6022427,西日本セイムス
6022427,東海セイムス
6022427,九州セイムス
6022427,富士薬品
6022427,旭セイムス
6022428,せんどう
6022429,三菱食品株式会社ＣＶＳ本部関西
6022429,国分首都圏株式会社
6022429,三菱食品株式会社ＣＶＳ本部中四国
6022429,三菱食品株式会社ＣＶＳ本部
6022429,ポプラ
6022429,三菱食品株式会社ＣＶＳ本部九州
6022430,スギヤマ薬品
6022430,三菱食品株式会社中部支社営業部
6022431,あおき
6022433,マルト
6022433,三菱食品株式会社東北支社南東北支店（菓子）
6022433,三菱食品東北支社南東北支店いわきユニット
6022434,三井食品株式会社九州支社広域営業室
6022434,新鮮マーケット
6022435,東海シジシー
6022435,ＴＨＤ東海東海ＣＧＣ
6022435,三菱食品株式会社中部支社営業部
6022437,サンベルクス
6022441,三菱食品東北支社南東北支店福島ユニット
6022441,ブイシージー
6022444,常洋水産株式会社
6022444,常洋水産
6022444,三菱食品株式会社営業第二本部ホールセラーグループ
6022452,スギＨＤ株式会社（スギ薬局）
6022452,スギ薬局
6022452,三菱食品株式会社中部支社営業部
6022453,三菱食品株式会社中部支社営業部
6022453,三菱食品株式会社東北支社加食営業第二部
6022453,ウエルシア薬局株式会社
6022453,三菱食品株式会社関西支社営業第三部
6022453,三菱食品広域流通本部ウェルネス営業グループ
6022453,国分関信越株式会社埼玉支店
6022453,ウエルシア薬局
6022453,国分関信越株（ウエルシア薬局）
6022453,国分九州株式会社
6022453,国分関信越株式会社信越支社新潟支店
6022453,国分東北株式会社仙台支店
6022453,三菱食品中部支社北陸支店富山ユニット
6022453,国分西日本株式会社近畿支社
6022453,国分中部株式会社静岡支店
6022455,原信
6022455,三菱食品営業第二本部長岡支店
6022457,スーパーバリュー
6022458,大学生協九州事業連合
6022458,国分九州株式会社
6022459,三菱食品株式会社営業第二本部東関東支店
6022459,ランドロームジャパン
6022460,三菱食品株式会社広域流通本部広域営業グループ
6022460,三井物産流通Ｇリテールユニットグローサリー事業本部
6022460,ヨークマート
6022461,ヤオマサ
6022461,三菱食品株式会社営業第二本部神奈川エリアオフィス
6022461,ヤオマサ株式会社
6022462,三井物産流通グループ株式会社首都圏支社首都圏西営業部
6022462,スズキヤ
6022462,三菱食品株式会社営業第二本部神奈川エリアオフィス
6022463,相鉄ローゼン
6022463,三菱食品株式会社営業第一本部第二ｸﾞﾙｰﾌﾟＡﾕﾆｯﾄ
6022463,相鉄ローゼン株式会社
6022464,三菱食品株式会社営業第一本部第三グループ
6022464,京王ストア
6022465,京急ストア
6022465,三菱食品株式会社首都圏支社第三Ｇ（菓子）
6022465,三菱食品株式会社営業第二本部神奈川エリアオフィス
6022466,ＴＨＤ中国株式会社ウシオ
6022466,ウシオ
6022467,ふじや
6022467,富士屋
6022467,ＴＨＤ富士屋
6022467,ＴＨＤ東海株式会社富士屋
6022468,北雄ラッキー株式会社
6022468,北雄ラッキー
6022468,三菱食品株式会社北海道支社加食営業部
6022469,コープ九州事業連合
6022469,加藤産業株式会社九州支社福岡支店
6022470,スーパーカケモ
6022471,道北アークス
6022471,三菱食品北海道支社旭川支店
6022471,国分北海道株式会社
6022472,三菱食品株式会社営業第二本部神奈川エリアオフィス
6022472,丸山百貨店
6022472,丸山
6022476,三菱食品株式会社九州支社営業ＡＢＣ
6022476,ドラックストアモリ
6022476,ドラッグストアモリ
6022476,加藤産業株式会社東北支社仙台支店
6022477,かじ惣
6022477,三菱食品中部支社北陸支店営業Ｂユニット
6022477,ＴＨＤカナ株式会社かじ惣
6022478,三菱食品株式会社営業第二本部神奈川エリアオフィス
6022478,トップ
6022479,国分北海道株式会社
6022479,西條
6022480,三菱食品営業第二本部新潟支店
6022480,ウオロク
6022482,コメヤ薬局
6022483,ロッキー
6022483,三菱食品株式会社九州支社営業ＡＢＣ
6022483,ＭＳ北陸金沢支店
6022485,ダイユーエイト
6022485,三菱食品株式会社営業第二本部北関東支店
6022485,ダイユー
6022487,三菱食品株式会社関西支社営業第三部
6022487,伊藤忠食品株式会社東日本営業部
6022487,アスクル
6022487,アスクル株式会社
6022487,三菱食品株式会社営業第二本部神奈川エリアオフィス
6022490,国分北海道株式会社
6022490,東武
6022490,三菱食品北海道支社北見ユニット
6022491,佐賀食品株式会社
6022491,佐賀食品
6022491,三菱食品株式会社九州支社営業ＡＢＣ
6022492,タカダ
6022493,ムーミー
6022494,サーブ
6022495,道南ラルズ
6022495,三菱食品株式会社北海道支社加食営業部
6022496,アマゾンジャパン合同会社
6022496,三菱食品株式会社関西支社営業第三部
6022496,三菱食品株式会社中部支社営業部
6022496,三菱食品株式会社営業第二本部神奈川エリアオフィス
6022497,トーホーストア
6022497,国分九州株式会社
6022497,加藤産業株式会社西近畿支社神姫支店
6022501,サンマート＜鳥取＞
6022501,サンマート
6022656,ポートサイドリカー
6022701,ミートプラザ株式会社
6022701,ミートプラザ
6022730,国分関信越株式会社埼玉支店
6022730,笹井商店
6022766,味園サポート
6022766,加藤産業株式会社南近畿支社阪和支店
6022884,加藤産業株式会社九州支社長崎支店
6022884,有限会社栄玉
6023440,薬王堂
6023441,フジタコーポレーション
6024517,佐藤（サトー食鮮館）
6024517,佐藤株式会社（サトー食鮮館）
6025936,両備ストアカンパニー
6025936,加藤産業株式会社中四国支社岡山支店
6025937,協同組合ハニー
6025937,三菱食品中部支社北陸支店営業Ｂユニット
6025938,エフコープ生活協同組合
6025938,三菱食品株式会社九州支社営業ＡＢＣ
6025939,生活協同組合ララコープ
6025939,三菱食品株式会社九州支社営業ＡＢＣ
6025944,モリキ
6025944,旭食品株式会社（モリキ）
6025945,加藤産業株式会社中四国支社広島支店
6025945,サンドラッグ
6025945,旭食品株式会社（サンドラッグ）
6025945,国分東北株式会社秋田支店
6025945,加藤産業株式会社東北支社仙台支店
6025945,国分北海道株式会社
6025945,国分東北株式会社盛岡支店
6025945,国分東北株式会社山形支店
6025945,国分首都圏株式会社山梨支社
6025945,国分西日本株式会社広島支店
6025945,国分首都圏株式会社
6025945,加藤産業株式会社北関東支社新潟支店
6025945,国分東北株式会社青森支店
6025945,国分中部株式会社
6025945,国分西日本株式会社近畿支社
6025945,国分東北株式会社郡山支店
6025945,国分九州株式会社
6025945,国分東北株式会社仙台支店
6025946,ジャパン
6025946,三菱食品株式会社中部支社営業部
6025949,有限会社アイザワ
6025949,国分関信越株式会社群馬支社
6027641,三菱食品株式会社九州支社営業ＡＢＣ
6027641,生活協同組合コープおおいた
6028789,生活協同組合コープにいがた
6028792,コープさが生活協同組合
6028792,三菱食品株式会社九州支社営業ＡＢＣ
6028793,紀ノ國屋
6028793,三菱食品株式会社営業第一本部第一グループ
6028797,三井食品株式会社中部支社静岡支店
6028797,三井物産流通グループ株式会社首都圏支社首都圏西営業部
6028797,クリエイトエス・ディー
6030584,主婦の店佐市
6030584,主婦の店鶴岡店
6030584,主婦の店鶴岡
6032100,野川食肉食品センター
6032101,コマレオ
6032101,加藤産業株式会社東北支社山形営業所
6032102,メイジヤ
6032104,Ｇ－７アグリジャパン
6032104,加藤産業株式会社西近畿支社神姫支店
6033053,国分関信越株式会社群馬支社
6033053,三菱食品広域流通本部ウェルネス営業グループ
6033053,クスリのマルエ
6033129,ベルジョイス
6033130,ＴＥＲＲＡＳＴＡＭＡＲＫＥＴ
6033130,清水屋
6033130,ファイブ
6033130,ミートクリエイト
6033130,三菱食品中四国支社営業グループ岡山ユニット
6033130,合同会社トクダ
6033130,マルホンカウボーイ
6033130,三菱食品株式会社中部支社営業部
6033130,医療法人禄寿会
6033130,琉民中部営業所
6033130,三菱食品株式会社広域流通本部広域営業グループ
6033130,三井物産流通ＧＯＰユニットＭＦオペレーション本部中四国・九州ＯＰ部
6033130,三井物産流通ＧＯＰユニットＭＦオペレーション本部関西オペレーション部
6033130,三井物産流通グループ株式会社首都圏支社首都圏西営業部
6033130,三井物産流通Ｇフード＆パッケージングユニット低温事業部本部
6033130,三井物産流通Ｇ三井食品ユニット首都圏中央営業４室関信越
6033130,三井食品株式会社中部支社静岡支店
6033130,沖縄県近海鮪漁業協同組合
6033130,三井食品株式会社九州支社南九州営業室
6033130,社会福祉法人太陽の家
6033130,スポット
6033130,三菱食品株式会社フードサービス本部
6033130,ユニパル
6033130,倉入れ条件
6033130,Ｏｏｋｉ
6033130,国分九州株式会社沖縄支店
6033130,国分西日本株式会社山陰支店
6033130,国分九州株式会社
6033130,国分西日本株式会社山口支店
6033130,国分西日本株式会社岡山支店
6033130,国分西日本株式会社近畿支社
6033130,国分関信越株式会社信越支社新潟支店
6033130,加藤産業株式会社九州支社長崎支店
6033130,クリアックス
6033130,シミズストアー
6033130,モアショップヤマモト
6033130,船山商店卸町支店
6033130,ナカガワ
6033130,三井食品株式会社首都圏支社東京営業部営業第一室
6033130,ヴィレッジヴァンガード本部
6033130,加藤産業株式会社北関東支社埼玉支店
6033130,国分首都圏株式会社ＧＭＳ営業部
6033130,国分東北株式会社山形支店
6033130,加藤産業株式会社中部支社名古屋支店
6033130,加藤産業株式会社中四国支社広島支店
6033130,加藤産業株式会社北海道支社札幌支店
6033130,加藤産業株式会社北関東支社多摩支店
6033130,加藤産業株式会社中部支社静岡営業所
6033130,国分北海道株式会社
6033130,加藤産業株式会社西近畿支社阪神支店
6033130,加藤産業株式会社南近畿支社阪南支店
6033130,国分首都圏株式会社卸事業部営業課
6033130,国分首都圏株式会社第二支社西東京支店
6033130,国分首都圏株式会社
6033130,国分中部株式会社
6033130,国分東北株式会社仙台支店
6033130,国分東北株式会社盛岡支店
6033130,国分関信越株式会社栃木支社
6033130,シェフカワカミ
6033130,エバーグリーン
6033130,コゲツ産業株式会社大分支店
6033130,コゲツ産業株式会社熊本支店
6033130,エムピーアイ
6033130,三井食品株式会社北海道支社食品営業部
6033130,イサミヤ
6033130,ユニカ
6033130,ヒロカン
6033130,ぐるぐる倉庫熊本本店
6033130,アレキサンダーハーバーシティー博多店
6033130,尾家産業東京支社
6033130,尾家産業札幌支社
6033130,レジャラン
6033130,エーコープ他一般店
6033130,山崎屋
6033130,英雄
6033130,タイトー
6033130,三井物産流通グループ株式会社業務用食材本部卸営業部
6033130,東京生活館
6033130,Ｆｉｒｓｔｏ
6033130,田村商店
6033130,宍倉
6033130,カインズ
6033130,大京上牧
6033130,Ｂｌｏｏｍｃｏ
6033130,ケント修学館
6033130,加藤産業株式会社東関東支社千葉支店
6033130,ｍｏｈ｀Ｚ
6033130,コゲツ産業株式会社北九州支店
6033130,心幸
6033130,伊藤忠食品株式会社東日本営業本部（ＣＶＳ）
6033130,Ｇ業務
6033130,その他一般
6033130,伊藤忠食品株式会社東日本営業部
6033130,三井食品株式会社中部支社中部営業部
6033130,フロンティア物産
6033130,あいにー食品館
6033130,三井食品株式会社九州支社広域営業室
6033130,赤嶺商店（マルイチ）
6033130,その他
6033130,関西大学生活協同組合
6033130,西岡昌宏（芸西病院売店）
6033130,有限会社奥村ストアー
6033130,ふじい
6033130,ＴＨＤカナ株式会社ナルックス
6033130,日本ゼネラルフード株式会社
6033130,有限会社中谷
6033130,寺内株式会社
6033130,ハツトリー
6033130,一般店
6033130,山口県農業協同組合
6033130,長井孝（リカーショップオオデ）
6033130,現売
6033130,山本文吉商店
6033130,カルチュアコンビニエンスクラブ株
6033130,チューオースーパー
6033130,アイテイク
6033130,ケイファーマーズ
6033130,柿安本店
6033130,ＰＡＫＩＰＩＫＡＳＴＯＲＥＳＯＫＩＮＡＷＡ
6033130,カネイチ商店
6033130,ニシオカ
6033130,新徳島建材株式会社
6033130,有限会社スーパーネゴロ
6033130,島根県農業協同組合
6033130,ＴＨＤカナ北陸ＣＧＣわかさ
6033130,清水精肉店
6033130,合資会社浜松屋
6033130,しみず屋
6033130,立山酒店
6033130,ＴＨＤ東海株式会社スーパー安藤
6033130,マルワサンフレッシュ株式会社
6033130,オネスト株式会社三崎ストアー
6033130,アライアンス
6033130,和歌山市立和歌山高等学校
6033130,有限会社能和商事
6033130,とやま生活協同組合
6033130,上様
6033130,良知経営
6033130,下原食品株式会社
6033130,有限会社マルメイ
6033130,有限会社カネデン近藤商店
6033130,村上商店
6033130,ＳＣＢしんかわ薬局
6033130,青山水産株式会社
6033130,オネスト株式会社鍜治商店
6033130,ＵＤリテール株式会社
6033934,エーコープ宮城
6034005,生活協同組合コープくまもと
6034153,丸富商店
6034154,ひとみストアー
6034156,有限会社小林貫商事
6034160,高橋畜産食肉
6034160,高橋畜産食肉株式会社
6034306,仁科百貨店
6034786,加藤産業株式会社北海道支社札幌支店
6034786,サツドラホールディングス株式会社
6034786,サツドラホールディングス
6034924,福原
6034924,国分北海道株式会社
6034925,明正運輸株式会社
6034925,明正運輸
6034926,マツモトキヨシＨＤ
6034926,ココカラファイン
6034926,マツモトキヨシ
6034926,三菱食品広域流通本部ウェルネス営業グループ
6034926,三菱食品株式会社九州支社営業Ｅ
6035216,吉通貿易
6035216,吉通貿易株式会社
6035217,有限会社角市商店
6035222,まねきや
6035499,さとう
6035500,ＴＨＤ四国支店サンプラザ
6035500,サンプラザ
6035501,ＣＧＣサンユー
6035501,サンユーストア
6035501,国分関信越株式会社栃木支社
6035501,三菱食品株式会社営業第二本部北関東支店
6035501,ＴＨＤ関東株サンユーストアー
6035502,しまむら
6035503,廣岡
6035504,タイヨー（九州）
6035504,タイヨー
6035506,スーパーストア
6035507,丸正チェーン商事
6035507,丸正チェーン商事株式会社
6035509,ミートモリタ屋
6035510,三菱食品株式会社営業第二本部神奈川エリアオフィス
6035510,スーパーヤマザキ
6035511,ユニバース
6035512,与野フードセンター
6035513,大近（ラッキー）
6035513,大近
6035516,スーパーサンシ
6035516,サンシ
6035516,スーパーサンシ株式会社
6035518,銀ビルストアー
6035519,ヤマダストアー株式会社
6035519,ヤマダストアー
6035521,かん原屋商店
6035522,リオン・ドールコーポレーション
6035524,京阪ザ・ストア
6035524,国分西日本株式会社近畿支社
6035525,ププレひまわり
6035525,国分西日本株式会社岡山支店
6035526,南九州ファミリーマート
6035527,エバグリーン廣甚株式会社
6035527,廣甚
6035527,エバグリーン廣甚
6035528,ドゥイング
6035529,田辺米穀株式会社
6035529,田辺米穀
6035530,マキヤ
6035532,プラント
6035532,ＰＬＡＮＴ
6035533,おどや
6035534,サミット株式会社
6035534,サミット
6035536,エレナ
6035539,松葉屋
6035540,大黒天物産
6035540,大黒天物産株式会社
6035540,加藤産業株式会社中四国支社岡山支店
6035545,マークスＨＤ（和興）
6035545,和興
6035547,トモシア株式会社西源
6035547,西源
6035549,遠鉄ストア
6035552,藤徳物産株式会社岡山支店
6035552,シーエムシー
6035679,エーコープ京都中央
6038059,インポートショップトレンド
6038122,一般財団法人恵愛団
6038122,三菱食品株式会社九州支社営業ＡＢＣ
6038189,シナビズ
6038512,三菱食品株式会社中四国支社加食営業部
6038512,キヌヤ
6038799,みのや
6039190,加藤産業株式会社中部支社名古屋支店
6039190,伊藤忠食品株式会社東海営業本部
6039190,カネスエ
6039269,生活協同組合コープあいづ
6039269,三菱食品株式会社東北支社加食営業第二部
6039276,タジマヤ
6040362,コープ東北サンネット（宅配）
6040364,ひろせストアー
6040365,新生堂薬局
6040365,三井食品株式会社九州支社広域営業室
6040481,旭日プロモーション
6040512,新生堂
6040565,三菱食品株式会社ＣＶＳ本部
6040565,ナチュラルローソン
6041012,コスモコーポレーション
6041250,国分東北株式会社青森支店
6041250,丸大サクラヰ薬局
6041250,三菱食品株式会社東北支社加食営業第二部
6041251,有限会社フレッシュミネサキ
6041251,加藤産業株式会社九州支社宮崎営業所
6041252,加藤産業株式会社南関東支社南東京支店
6041252,リーフ
6041337,ヒライ
6041337,コゲツ産業株式会社熊本支店
6041338,国分九州株式会社鹿児島支店
6041338,国分九州株式会社北薩営業所
6041338,マキオ
6041604,熊本県経済農業協同組合連合会
6041604,熊本県経済農業（協）
6041607,フタバ薬品
6041607,コゲツ産業株式会社北九州支店
6041607,フタバ薬品株式会社
6041608,コゲツ産業その他
6041608,コゲツ産業株式会社北九州支店
6041608,コゲツ産業株式会社熊本支店
6041608,コゲツ産業株式会社その他
6041611,ニューヨーク・エボリューション
6041611,ニューヨーク・エボリューション株式会社
6041611,コゲツ産業株式会社北九州支店
6041614,コゲツ産業株式会社福岡支店
6041614,Ｅ＆Ｅ
6041616,アタックス
6041616,アタックスマート
6041618,三井食品株式会社九州支社北部九州営業室
6041618,Ａコープ九州
6041620,国分九州株式会社
6041620,エルショップ
6041620,コゲツ産業株式会社福岡支店
6041622,コゲツ産業株式会社北九州支店
6041622,コゲツ産業株式会社大分支店
6041622,サンリブ
6041622,コゲツ産業株式会社熊本支店
6041623,九州スーパーマーケットグループ
6041624,パシオ
6041624,スーパー大浦（宮崎／パシオ／鮮ど市場）
6041626,トキハインダストリー
6041626,トキハ
6041629,まつの
6041634,マルエイ
6041634,マルエイ（健康市場）
6041635,マルミヤストア
6041635,三井食品株式会社九州支社広域営業室
6041639,コゲツ産業株式会社北九州支店
6041639,川食
6041640,大信薬局
6041641,国分西日本株式会社広島支店
6041641,大創産業
6041645,明治屋食品
6041645,コゲツ産業株式会社福岡支店
6041646,有限会社サカイ
6041646,新鮮市場サカイ有限会社
6041646,コゲツ産業株式会社福岡支店
6041647,鮮ど市場
6041686,大分大山町農業協同組合
6041688,三井食品株式会社九州支社広域営業室
6041688,戸村フーズ
6047584,加藤産業株式会社九州支社宮崎営業所
6047584,サンリッチ
6047585,加藤産業株式会社北関東支社多摩支店
6047585,マルフジ
6047663,国分東北株式会社盛岡支店
6047663,国分関信越株式会社群馬支社
6047663,国分北海道株式会社
6047663,ヤマダホールディングス
6047663,国分首都圏株式会社山梨支社
6047663,国分西日本株式会社近畿支社
6047663,国分九州株式会社沖縄支店
6047663,ヤマダ電機
6047663,国分西日本株式会社広島支店
6047663,国分中部株式会社
6047663,国分九州株式会社
6047663,国分関信越株式会社信越支社長野支店
6047664,国分九州株式会社
6047664,国分西日本株式会社広島支店
6047664,国分西日本株式会社岡山支店
6047664,国分西日本株式会社徳島支店
6047664,イズミ
6047665,国分首都圏株式会社
6047665,ミスターマックス・ホールディングス
6047665,国分九州株式会社
6047665,国分西日本株式会社広島支店
6047666,エーコープ鹿児島
6047666,国分九州株式会社鹿児島支店
6047668,熊本大学生活協同組合
6047669,三菱食品株式会社菓子本部営業第一部
6047669,国分中部株式会社
6047669,国分西日本株式会社近畿支社
6047669,国分首都圏株式会社ＧＭＳ営業部
6047669,国分関信越株式会社信越支社長野支店
6047669,国分北海道株式会社
6047669,合同会社西友
6047669,国分東北株式会社仙台支店
6047669,国分九州株式会社
6047670,三菱食品株式会社中部支社営業部
6047670,三菱食品株式会社九州支社営業ＡＢＣ
6047670,ココカラファイン
6047670,三菱食品広域流通本部ウェルネス営業グループ
6047674,長崎大学生活協同組合
6047676,立命館生活協同組合
6047677,下田商事
6047677,下田商事株式会社
6047923,ホクガン
6047923,国分九州株式会社沖縄支店
6047927,小田急商事株式会社
6047927,国分首都圏株式会社神奈川支社
6047927,小田急商事
6047928,国分東北株式会社郡山支店
6047928,国分東北株式会社盛岡支店
6047928,国分東北株式会社山形支店
6047928,カワチ薬品
6047928,国分東北株式会社庄内営業所
6047928,国分東北株式会社仙台支店
6047928,国分関信越株式会社（カワチ薬品）
6047928,国分関信越株式会社群馬支社
6047928,国分関信越株式会社信越支社新潟支店
6047928,国分関信越株式会社埼玉支店
6047928,国分首都圏株式会社山梨支社
6047928,国分関信越株式会社茨城支社
6047928,国分関信越株式会社栃木支社
6047970,国分首都圏株式会社ＧＭＳ営業部
6047970,マルエツ
6047971,国分首都圏株式会社ＧＭＳ営業部
6047971,マルエツプチ
6047972,国分首都圏株式会社卸事業部営業課
6047972,池田喜平商店
6047973,国分首都圏株式会社山梨支社
6047973,いちやまマート
6047974,国分西日本株式会社近畿支社
6047974,ダイエー
6047974,国分首都圏株式会社ＧＭＳ営業部
6047974,加藤産業株式会社南近畿支社阪和支店
6047975,東武ストア
6047976,シェルガーデン
6047976,国分首都圏株式会社ＧＭＳ営業部
6047980,エーコープ関東
6047984,公正屋
6047984,国分首都圏株式会社第二支社西東京支店
6047986,ヤオヒロ
6047987,八丈万有
6047987,国分首都圏株式会社
6047987,八丈万有株式会社
6047988,国分首都圏株式会社ＳＭ・生協営業部（ユーコープ）
6047988,生活協同組合ユーコープ
6047989,国分首都圏株式会社ＳＭ・生協営業部
6047989,ユニー
6047989,ユニー（ピアゴ）
6047989,ユニー株式会社
6047989,ユニー（アピタ）
6049273,キューピット
6049329,イオンリカー
6049329,イオンリカー株式会社
6049329,加藤産業株式会社東関東支社千葉支店
6049331,リカースペース太陽
6049515,まさ屋
6049515,国分九州株式会社
6049516,ハルタ
6049516,国分九州株式会社鹿児島支店
6049517,国分九州株式会社
6049517,スーパーヤマグチ
6049542,国分首都圏株式会社卸事業部営業課
6049542,ヤスノ
6049544,有限会社八百賢
6049544,やおけん
6049544,国分首都圏株式会社
6049620,シーフロンティア
6049620,シーフロンティア株式会社
6049800,新印食品株式会社
6049800,三菱食品営業第二本部新潟支店
6049800,加藤産業株式会社北関東支社新潟支店
6049800,新印食品
6049800,国分関信越株式会社信越支社新潟支店
6049801,万惣
6049801,三菱食品株式会社中四国支社加食営業部
6049802,ユタカファーマシー
6049804,スーパー小西屋
6049831,ふれあいショップ
6050857,ハローデイ
6050858,国分中部株式会社
6050858,国分西日本株式会社近畿支社
6050858,国分西日本株式会社徳島支店
6050858,キリン堂
6050858,三井食品株式会社オペレーション本部関西支社
6050905,松源
6050906,Ｏｌｙｍｐｉｃグループ
6050906,三井物産流通Ｇ首都圏広域第一本部東京西支店
6050907,ベスト電器
6051316,国分中部株式会社
6051316,ドミー
6051361,三井物産流通グループ株式会社首都圏支社首都圏西営業部
6051361,アイスコ
6051363,三心
6051363,三井食品株式会社中部支社中部営業部
6051364,すぎた
6051364,三井食品株式会社中部支社中部営業部
6051365,三井物産流通グループ株式会社首都圏支社首都圏西営業部
6051365,成城石井
6051366,タカラ・エムシー
6051366,三井食品株式会社中部支社静岡支店
6051368,永井商店
6051368,三井食品株式会社中部支社中部営業部
6051370,三井物産流通グループ株式会社首都圏支社首都圏西営業部
6051370,ビック・ライズ
6051372,ウシヒロ
6051373,エーコープあいち
6051374,サノヤ万松寺
6051374,サノヤ
6051374,三井食品株式会社中部支社中部営業部
6051375,三井食品株式会社中部支社中部営業部
6051375,三協乾物店
6051377,とらや
6051378,三井食品株式会社中部支社静岡支店
6051378,京王商事
6051380,大賀食品株式会社
6051380,三井食品株式会社フードサービス室
6051380,大賀食品
6052284,ダートコーヒー
6052284,ダートコーヒー株式会社
6052289,バリュー１００
6052600,北陸砂糖
6052600,北陸砂糖株式会社
6052605,サンライフ
6052605,国分九州株式会社大分支店
6052621,石原（フードマーケットエコ・ピア）
6052622,国分ネット卸
6052872,三井物産流通Ｇ三井食品ユニット首都圏中央営業４室関信越
6052872,籠島
6052874,浜乙女
6052876,三井食品株式会社中部支社中部営業部
6052876,サカツコーポレーション
6052877,三井食品株式会社フードサービス室
6052877,岩田産業株式会社
6052877,岩田産業
6052879,トヨタ生協
6052879,トヨタ車体生活協同組合
6052880,成田運輸株式会社
6052880,成田運輸
6052881,三井食品株式会社九州支社南九州営業室
6052881,南商事
6052881,南商事株式会社
6053554,小倉屋株式会社
6053554,小倉屋
6053958,カウネット
6054579,国分九州株式会社
6054579,インパクトワン
6054598,タイヨー（関東）
6054926,三井物産流通グループ株式会社首都圏支社首都圏西営業部
6054926,ベル・ウッド
6054926,有限会社ベルウッド
6055087,城山ストアー
6055087,国分九州株式会社鹿児島支店
6055091,そごう・西武
6055164,ホクノー
6055357,三井食品株式会社中部支社中部営業部
6055357,スーパーヤマダイ
6055373,エムアイフードスタイル
6055373,三菱食品株式会社営業第一本部第一グループ
6055581,国分九州株式会社
6055581,ベイサイドプレイス博多
6055637,アマノ
6055637,スーパーアマノ
6055638,国分東北株式会社山形支店
6055638,井上喜太郎商店
6055638,加藤産業株式会社東北支社山形営業所
6055639,サンデー
6055639,加藤産業株式会社東北支社秋田支店
6055639,加藤産業株式会社東北支社山形営業所
6055640,トウショク
6055640,トウショク株式会社
6055836,シグマ薬品
6055836,シグマ薬品株式会社
6055838,ジーマ株式会社
6055838,ジーマ
6055838,国分九州株式会社沖縄支店
6055949,太田情報・医療・自動車専門学校生活協同組合
6055950,神奈川大学生活協同組合
6056005,クスリのアオキ
6056062,高山運輸
6056062,ビッグヨーサン
6056390,藤三
6056390,藤徳物産株式会社福山支店
6056563,ＪＲ東日本リテールネット
6056679,イシハラフード
6056680,ダイナム
6056721,マミーズ
6056721,マミーズ株式会社
6056721,加藤産業株式会社九州支社福岡支店
6056875,タケショウ株式会社
6056875,タケショウ
6062768,どんたく
6062809,関東シジシー
6062955,手原産業倉庫
6064834,広島屋
6064973,イーエックス
6065007,ヤマテツ商事株式会社
6065007,ヤマテツ商事
6065197,トランコム株式会社
6065197,トランコム
6065842,加藤産業株式会社オリジナル商品部特販課
6065842,ブルーレモン
6065843,三菱食品株式会社中部支社営業部
6065843,マックスバリュ東海株式会社
6065843,マックスバリュ東海
6066162,有限会社ナベシマエステート
6066163,浦和伊勢龍
6066210,ＴＨＤ中国株式会社ヤマダヤ
6066210,ヤマダヤ
6066211,松伸
6066211,有限会社松伸
6066661,正和商事
6066661,正和商事株式会社
6066730,タケダストアー
6066922,有限会社協和メルヘン
6066922,国分首都圏株式会社卸事業部営業課
6069178,イトーチェーンゆりあげ食彩館
6069183,エスケイジャパン株式会社
6069183,エスケイジャパン
6069183,国分首都圏株式会社卸事業部営業課
6069434,ＡＲＴＡＧＥ
6070181,エースン
6070194,有限会社ライフフーズタナカ
6070264,ブレス・ロジスティクス
6070310,加藤産業株式会社北近畿支社北大阪支店
6070310,ドウシシャ
6070455,オーエムツーネットワーク
6070455,オーエムツーミート
6070462,三井食品株式会社首都圏支社東京営業部営業第一室
6070462,ロフト
6070464,アイリスプラザ
6070464,アイリスプラザユニディカンパニー
6070735,伊藤忠食品株式会社東海営業本部
6070735,加藤産業株式会社中部支社名古屋支店
6070735,バロー
6070893,煙草屋安兵衛
6070898,伊藤忠食品株式会社東海営業本部
6070898,セリア
6070899,中部薬品
6070899,中部薬品株式会社
6070899,伊藤忠食品株式会社東海営業本部
6070900,伊藤忠食品株式会社東海営業本部
6070900,トミダ
6070901,伊藤忠食品株式会社東日本営業本部（ＣＶＳ）
6070901,セブンイレブン・ジャパン
6070901,伊藤忠食品株式会社西日本営業本部（ＣＶＳ）
6070903,加藤産業株式会社東関東支社足立支店
6070903,加藤産業株式会社中四国支社四国支店
6070903,加藤産業株式会社中四国支社広島支店
6070903,加藤産業株式会社南関東支社湘南支店
6070903,加藤産業株式会社中四国支社岡山支店
6070903,加藤産業株式会社東関東支社千葉支店
6070903,加藤産業株式会社九州支社福岡支店
6070903,コーナン商事株式会社
6070903,加藤産業株式会社南関東支社南東京支店
6070903,加藤産業株式会社中部支社名古屋支店
6070903,加藤産業株式会社九州支社長崎支店
6070903,加藤産業株式会社南近畿支社阪和支店
6070903,加藤産業株式会社東北支社仙台支店
6070903,加藤産業株式会社北関東支社多摩支店
6070903,コーナン商事
6070905,近商ストア
6070905,伊藤忠食品株式会社西日本営業部
6070906,伊藤忠食品株式会社東海営業本部
6070906,食鮮館タイヨー
6070909,伊藤忠食品株式会社東海営業本部
6070909,カネタアマノ
6070910,プラント
6070914,伊藤忠食品株式会社東海営業本部
6070914,中部メイカン
6079921,トスク株式会社
6079921,トスク
6079943,マサ（ド）
6084157,ベイシア
6084157,ベイシア桑名センター
6084157,ベイシア浜松物流
6084158,ヒロロク
6084159,大東食品株式会社
6084159,大東食品
6093079,ビックカメラ
6107244,田中興商店
6107244,田中與商店
6107244,伊藤忠食品株式会社東海営業本部
6107245,イーシーアイ
6107247,森ビル都市企画
6107247,森ビル都市企画株式会社
6120733,カドヤ産商株式会社
6120733,カドヤ産商
6120733,加藤産業株式会社西近畿支社神姫支店
6120736,新井機械製作所
6120737,日立物流九州
6121591,メイクマン
6121591,三井食品株式会社九州支社沖縄支店
6121599,コウヅキユウホンテン
6121599,三菱食品株式会社関西支社営業第三部
6122425,よねや商事
6122425,よねや商事株式会社
6122426,マルヤマ鈴木商店
6122426,有限会社マルヤマ鈴木商店
6122429,資生堂
6122431,ラクーンコマース
6123374,ドラッグストアｍａｃ
6124669,三井造船生活協同組合
6124669,加藤産業株式会社中四国支社岡山支店
6125208,加藤産業株式会社中部支社名古屋支店
6125208,生活協同組合コープいしかわ
6125208,石川県生活協同組合連合会
6125209,エーコープみやざき
6125209,加藤産業株式会社九州支社宮崎営業所
6125210,国分関信越株式会社栃木支社
6125210,全国農業協同組合連合会
6125644,イオングローバルＳＣＭ
6125644,加藤産業株式会社南関東支社南東京支店
6125644,イオングローバルＳＣＭ株式会社
6125645,ゼンショーホールディングス
6125646,ビッグ・エー
6125646,加藤産業株式会社東関東支社足立支店
6126019,加藤産業株式会社中四国支社広島支店
6126019,加藤産業株式会社中四国支社四国支店
6126019,Ａコープ西日本
6126020,マルサン
6126021,フタバヤ
6126375,はっぴぃまーと（ＡＫＲ食品小売共栄会）
6127229,加藤産業株式会社中部支社名古屋支店
6127229,ＪＡライフ富山
6127230,三菱食品株式会社中部支社営業部
6127230,主婦の店
6132314,三菱食品株式会社営業第二本部東関東支店
6132314,コープデリ生活協同組合連合会
6133540,ＣｏｕｐａｎｇＪａｐａｎ合同会社
6136666,エブリイホーミイホールディングス
6136666,加藤産業株式会社中四国支社岡山支店
6136667,国分西日本株式会社山口支店
6136667,加藤産業株式会社九州支社福岡支店
6136667,つがる屋
6140002,森尾青果株式会社
6140002,加藤産業株式会社北近畿支社北大阪支店
6140002,森尾青果
6140003,フレッシュマートアミール
6140209,帆栄物流
6140418,三井食品株式会社関西支社業務用食材部
6140418,ワタミ株式会社
6140418,ワタミ
6140418,三井物産流通グループ株式会社業務用食材本部卸営業部
6140419,三井食品株式会社北海道支社食品営業部
6140419,国分北海道株式会社
6140419,テーオーリテイリング
6140420,ジョイマート
6140420,加藤産業株式会社東関東支社千葉支店
6140420,加藤産業株式会社北関東支社埼玉支店
6140421,あんり
6140421,国分西日本株式会社山陰支店
6140422,ミック・ジャパン
6140422,加藤産業株式会社北近畿支社北大阪支店
6140784,コヅチ
6140786,有限会社小松屋
6140787,ツジヤ
6140789,ハピネス
6140789,加藤産業株式会社九州支社宮崎営業所
6143169,アールシーロジスティクス株式会社
6143169,アールシーロジスティクス
6143171,平井中村屋
6143172,大三乾物
6143172,加藤産業株式会社中四国支社四国支店
6143774,加藤産業株式会社西近畿支社神姫支店
6143774,ゴダイ株式会社
6143774,ゴダイ
6143874,みしまや
6143874,ＴＨＤ中国株式会社みしまや
6143875,間口ロジスティクス株式会社
6143875,間口ロジスティクス
6143876,ユタカ物流
6143876,ユタカ物流株式会社
6144139,三菱食品株式会社中部支社営業部
6144139,玉商（タマノヤ酒販）
6144140,なかやま牧場
6144140,藤徳物産株式会社福山支店
6144374,エコス
6144374,伊藤忠食品株式会社東日本営業部
6144375,伊藤忠食品株式会社東日本営業部
6144375,たいらや
6144376,マスダ
6144376,伊藤忠食品株式会社東日本営業部
6144377,サトウグループ
6144377,加藤産業株式会社東北支社仙台支店
6144694,荒木商店
6144701,スーパーあおき
6144702,ＵｂｅｒＪａｐａｎ株式会社
6144702,三菱食品株式会社広域流通本部広域営業グループ
6144702,ＵｂｅｒＪａｐａｎ
6144988,ファインズファルマ
6144988,国分中部株式会社
6144989,ＭｏｎｏｔａＲＯ
6144990,サイキ
6144991,マークスＨＤ（おーばん）
6144991,おーばん
6145384,エーコープ近畿
6145384,国分中部株式会社伊勢支店
6145384,国分西日本株式会社近畿支社
6146469,金市商店
6146470,戸村精肉本店
6147729,ハシドラッグ
6148219,スーパーアルプス
6148219,アルプス
6149679,長野県Ａ・コープ
6149939,有限会社三和綜合食品
6150529,清水商店
6150704,コンパスグループ・ジャパン
6150704,コンパスグループ・ジャパン株式会社
6151804,ぎゅーとら
6151804,国分中部株式会社伊勢支店
6152025,加藤産業株式会社東北支社仙台支店
6152025,本間青果
6152229,ナイスムラカミ
6152384,花正
6152385,駿河屋魚一
6152386,カーニバル
6152386,コゲツ産業株式会社北九州支店
6152387,加藤産業株式会社北関東支社埼玉支店
6152387,さくらみくら
6152389,加藤産業株式会社東北支社秋田支店
6152389,三和物産
6152390,晴れの国岡山農業協同組合
6152391,ＴＨＤ関東株式会社葵商事
6152391,葵商事
6152392,オーディーユージャパン株式会社
6152392,オーディーユージャパン
6152393,有限会社ＨＲウェルス
6152396,大屋
6152397,ＴＨＤ関西ＣＧＣたかすＫＫＧ
6152397,関西シジシー
6152399,国分北海道株式会社
6152399,丸コマルコストアー
6152400,ＡＴＥ株式会社
6152400,ＡＴＥ
6152401,三井物産流通グループ株式会社東北支社
6152401,Ａコープ東日本
6152401,国分首都圏株式会社第二支社西東京支店
6152401,三井食品株式会社首都圏支社東京営業部営業第一室
6152401,国分関信越株式会社群馬支社
6152403,めぐみの農業協同組合
6152405,マルエー
6152405,ＴＨＤカナ株式会社マルエー
6152405,マルエーお値打ち屋
6152410,アメリカンＧ
6152411,アルビス
6152411,アルビス株式会社
6152411,ＴＨＤカナアルビス株式会社
6152411,有限会社富山県流通センター
6152412,エイケイアール食品
6152413,藤徳物産株式会社岡山支店
6152413,エスマート
6152415,有限会社大松支店
6152415,有限会社大松支店（オオマツフード）
6152415,オオマツフード
6152415,加藤産業株式会社中部支社名古屋支店
6152416,おきなわ農業協同組合
6152416,ＪＡおきなわＡコープ
6152417,おてんとさん
6152418,藤徳物産株式会社岡山支店
6152418,かわべ
6152419,ガンピー
6152420,キムラ
6152421,キラヤ
6152421,ＴＨＤカナ株式会社キラヤ
6152422,クスリのサンロード
6152422,サンロード
6152423,グラントマト
6152423,グラントマト株式会社
6152424,ケント福島
6152426,国分西日本株式会社近畿支社
6152426,コープ近畿事業連合
6152427,コープ北陸事業連合
6152428,コストコホールセールジャパン株式会社
6152428,コストコホールセールジャパン
6152429,こみね商店
6152431,サヌキヤ
6152432,サンシールさの
6152433,サンストア
6152434,サンダイコー
6152435,サンマリ
6152437,三菱食品営業第二本部長岡支店
6152437,シミズヤ
6152438,ジャコム石川
6152438,加藤産業株式会社中部支社名古屋支店
6152440,宍戸青果株式会社（スーパーシシド）
6152440,宍戸青果（スーパーシシド）
6152440,スーパーシシド
6152443,スーパー大津
6152444,セイコーマート
6152445,ダイゼン
6152445,国分北海道株式会社
6152446,タカギ三条
6152447,タカシマヤ
6152451,とりわか食品工業
6152451,国分西日本株式会社岡山支店
6152454,ニュー直江
6152455,ハウディ
6152456,バザール
6152457,パメラ２
6152457,国分西日本株式会社山口支店
6152458,ピープルズ
6152459,ひかり商事株式会社
6152459,加藤産業株式会社九州支社福岡支店
6152459,ひかり商事
6152460,ビッグハウス
6152461,ファミリーストアさとう
6152462,フーコット
6152462,国分関信越株式会社埼玉支店
6152463,フーズマーケットメイト
6152464,フジサン
6152465,フジ物産
6152465,フジ物産株式会社
6152466,ホームセンタータバタ
6152468,マークスＨＤ和興
6152469,丸大マークス
6152469,マークスマイヤ
6152469,マイヤ（マークスグループ）
6152470,マイＪＰＮ
6152471,マグフーズ
6152472,マックスバリュ西日本株式会社ザ・ビッグ
6152472,加藤産業株式会社中四国支社岡山支店
6152472,加藤産業株式会社西近畿支社神姫支店
6152472,加藤産業株式会社中四国支社四国支店
6152472,加藤産業株式会社中四国支社広島支店
6152472,マックスバリュ西日本ザ・ビッグ
6152474,まるきスーパー
6152474,まるきスーパー伊良部
6152475,マルコク株式会社
6152475,マルコク
6152476,マルサム株式会社
6152476,マルサム
6152477,マルチ山本
6152478,マルヤス食品
6152478,マルヤス
6152479,ミサトフーズ
6152481,みつい
6152482,モウリ
6152483,ヤマダ商店
6152484,伊藤忠食品株式会社東海営業本部
6152484,ヤマナカ
6152485,藤徳物産株式会社福山支店
6152485,ユーホー
6152486,レオ食品
6152486,レオ食品株式会社
6152487,ワールド企画
6152488,ワタキューセイモア
6152488,ワタキューセイモア株式会社
6152489,ワンステップ
6152490,三井食品株式会社中部支社中部営業部
6152490,愛知県経済農業協同組合連合会
6152491,渥美フーズ
6152493,伊勢屋ガリバー
6152494,栄幸
6152494,栄幸食品
6152495,奥田商店
6152496,下呂食料品中央卸市場
6152497,Ｆａｃｉｏ
6152498,株ＭＡＮＰＯＷＦＯＯＤＳＳ
6152498,ＭＡＮＰＯＷＦＯＯＤＳ
6152499,アオキスーパー
6152503,いちい
6152504,イチコ
6152505,国分関信越株式会社群馬支社
6152505,いっちょう
6152506,イワサキ
6152507,ウジエスーパー・モリヤ
6152507,ウジエスーパー
6152509,エコス与野フード
6152510,エビスク
6152511,国分関信越株式会社埼玉支店
6152511,エフケイ
6152512,エムズ
6152513,オータニ
6152515,伊藤忠食品株式会社東日本営業部
6152515,カクヤス
6152516,カドイケ
6152517,国分関信越株式会社栃木支社
6152517,カンセキ
6152518,キクコウストア
6152519,キャメル珈琲
6152521,ゲオ
6152521,加藤産業株式会社北海道支社札幌支店
6152521,加藤産業株式会社九州支社福岡支店
6152521,加藤産業株式会社中部支社名古屋支店
6152521,加藤産業株式会社北関東支社埼玉支店
6152522,コープさばえ
6152522,フード福井（コープさばえ
6152523,コープ東北
6152523,三菱食品株式会社東北支社加食営業第二部
6152523,国分東北株式会社仙台支店
6152524,コノミヤ
6152524,コノミヤ関西
6152524,コノミヤ（東海）
6152526,サカガミ
6152527,ザグザグ
6152527,藤徳物産株式会社岡山支店
6152528,国分九州株式会社沖縄支店
6152528,サンエー
6152529,ジョイフルサンアルファ
6152531,スーパーナショナル
6152533,スーパーラック
6152534,スーパー森永
6152535,国分北海道株式会社
6152535,ダイイチ
6152538,たかき
6152539,国分東北株式会社秋田支店
6152539,タカヤナギ
6152542,ツルヤ
6152543,テラタ
6152544,トップフーズ
6152545,とをしや薬局
6152545,国分関信越株式会社埼玉支店
6152546,ナナーズ
6152547,ニシザワ
6152548,ニシムタ
6152549,ニッコー
6152550,ハピー
6152551,ビーレイク
6152553,ビッグ富士
6152553,ビック富士
6152554,ひらせい
6152554,ひらせいホームセンター
6152555,フィールコーポレーション
6152555,伊藤忠食品株式会社東海営業本部
6152556,フード福井（フード三国）
6152556,フード三国
6152557,ふく薬品
6152559,国分西日本株式会社広島支店
6152559,フレスタ
6152560,国分関信越株式会社信越支社新潟支店
6152560,フレッシュマツヤ
6152562,加藤産業株式会社九州支社福岡支店
6152562,ヘルスサポート
6152563,ベルプラスビッグプロ
6152564,ホームセンターセブン
6152565,ホクレン商事
6152566,まいづる百貨店
6152567,まえだストア
6152569,マルアイ
6152569,国分西日本株式会社近畿支社兵庫支店
6152569,加藤産業株式会社西近畿支社神姫支店
6152570,マルキョウ
6152571,マルショーフーズ
6152572,みちのく流通システム
6152573,みやはら
6152574,ミラックマツヤ
6152575,ヤオコー
6152575,国分関信越株式会社埼玉支店
6152577,やおふく
6152578,ヤスサキ
6152581,ヤマヒロ
6152581,国分東北株式会社仙台支店
6152582,ヤマヨ
6152583,ヨドバシカメラ
6152584,リウボウストアー
6152584,リウボウストア
6152585,加藤産業株式会社東関東支社千葉支店
6152585,ゑびすや商店
6152585,加藤産業株式会社東関東支社足立支店
6152586,伊徳
6152586,国分東北株式会社秋田支店
6152587,稲垣
6152587,加藤産業株式会社中四国支社四国支店
6152588,国分関信越株式会社栃木支社
6152588,永作
6152590,横浜ファーマシー
6152590,国分東北株式会社秋田支店
6152591,国分関信越株式会社信越支社長野支店
6152591,岡谷生鮮市場
6152592,丸井グループ
6152592,国分関信越株式会社信越支社新潟支店
6152595,丸大
6152596,丸萬
6152598,国分西日本株式会社山口支店
6152598,岩崎宏健堂
6152599,Ｙストア
6152599,義津屋
6152600,国分北海道株式会社
6152600,魚はん
6152601,玉木屋
6152602,高木商会
6152603,崎浜商店
6152604,山京
6152604,国分西日本株式会社山陰支店
6152606,国分東北株式会社山形支店
6152606,神文ストア
6152607,静鉄ストア
6152608,千葉セルコ
6152609,川徳
6152610,泉屋
6152610,加藤産業株式会社東関東支社足立支店
6152611,大津屋
6152612,フードネットリテール株式会社
6152612,大楠屋
6152613,中国ＶＭＮ
6152615,加藤産業株式会社中四国支社広島支店
6152615,国分東北株式会社仙台支店
6152615,加藤産業株式会社南近畿支社阪和支店
6152615,加藤産業株式会社中部支社静岡営業所
6152615,長崎屋
6152615,加藤産業株式会社西近畿支社阪神支店
6152616,田子重
6152618,東急ストアー
6152619,東光ストア
6152619,国分北海道株式会社
6152621,ＪＲ北海道フレッシュキヨスク株式会社
6152621,北海道ＪＲフレッシュ
6152621,ＪＲ北海道フレッシュキヨスク
6152622,明和
6152623,綿半パートナーズ株式会社
6152623,綿半ホームエイド
6152625,野嵩商会
6152626,国分東北株式会社盛岡支店
6152626,流通技研
6152629,宇佐美鉱油
6152630,加藤産業株式会社九州支社長崎支店
6152630,丸栄商事
6152631,丸江
6152631,加藤産業株式会社東北支社仙台支店
6152632,丸勢
6152633,丸政商事
6152633,丸政商事株式会社
6152634,宮崎市場
6152635,協同組合オクトフーズチェーン
6152637,玉寄スーパー（久米島
6152637,玉寄スーパー
6152638,金秀商事株式会社
6152638,金秀商事
6152640,元気市場たかはし
6152640,元気市場
6152641,元気市場たかはし
6152641,元気市場たかはし上町店
6152643,合同会社ピュア１３
6152643,ピュア１３
6152644,三協
6152645,三本珈琲
6152645,国分グループ本社株式会社フードサービス事業部
6152646,山形ソルト商事株式会社
6152646,山形ソルト
6152646,山形ソルト商事
6152647,事務キチつちや
6152649,新鮮屋オタギリ
6152650,秋田県職員生活協同組合
6152650,生活協同組合あきた
6152651,生活協同組合おおさかパルコープ
6152651,国分西日本株式会社近畿支社
6152652,生活協同組合コープこうべ
6152652,国分西日本株式会社近畿支社
6152653,生鮮いちばん土崎店
6152655,誠勢同動株式会社
6152655,コゲツ産業株式会社熊本支店
6152655,誠勢同動
6152656,前畠商事株式会社
6152656,前畠商事
6152657,全日本食品株式会社
6152657,全日食チェーン
6152657,全日本食品
6152658,大阪いずみ市民生活協同組合
6152658,国分西日本株式会社近畿支社
6152659,中央マート
6152660,中山牧場
6152661,中島製茶
6152661,中島製茶株式会社
6152661,国分北海道株式会社
6152662,仲程商店
6152662,仲程商店（南大東）
6152663,町の直売所２号店
6152664,渡辺生鮮館
6152664,藤徳物産株式会社岡山支店
6152665,都城市場
6152666,東急ライフ
6152667,加藤産業株式会社中四国支社岡山支店
6152667,東中国イシコ建機
6152667,東中国イシコ建機株式会社
6152668,藤澤福知山
6152668,藤澤福知山支店
6152669,南アルプス農協
6152669,南アルプス農業協同組合
6152670,伯山交通
6152671,有限会社柏木商店
6152671,柏木商店
6152673,繁栄
6152674,不二家チェーン
6152675,福井県経済農業協同組合
6152676,福井県民生活協同組合
6152678,三菱食品東北支社南東北支店福島ユニット
6152678,福島青果商協
6152681,有限会社いしかわ
6152682,有限会社ウィリー
6152683,有限会社エニクロ
6152685,有限会社まるきた商店
6152688,熊谷商店
6152688,国分北海道株式会社
6152690,有限会社斎新商店
6152690,斎新商店
6152694,有限会社静岡ワールドフーズ
6152695,有限会社太陽商事
6152696,有限会社大和ストア
6152697,有限会社中央市場
6152697,加藤産業株式会社東北支社秋田支店
6152698,有限会社藤丸食品
6152699,有限会社菱富
6152700,有限会社あさひ
6152701,ＥＮＥＯＳ
6152701,ＥＮＥＯＳ株式会社
6152702,ユウキヤ
6153381,ライフコーポレーション（大阪）
6153381,国分西日本株式会社近畿支社（ライフ）
6153382,フレッシュショップトマトチェーン株式会社
6153382,フレッシュショップトマトチェーン
6153965,ＪＡしみず
6153965,ＪＡしみずサービス
6153966,ＪＣ生鮮市場６９０
6153969,エムエスエイ株式会社
6153969,加藤産業株式会社南近畿支社阪南支店
6153969,エムエスエイ
6153970,ＴＨＤ東海株式会社カネハチ
6153970,カネハチ
6153973,クックマート
6153973,クックマート株式会社
6153974,グローリージャパン
6153977,しみずや
6153979,スーパーミナミ（南大東）
6153979,スーパーミナミ
6153980,すずまーとサンショップ
6153982,センターシティマネジメント
6153984,タマモ
6153988,はりまや
6153992,有限会社ほりた商店
6153992,ほりた商店
6153993,マツオカ
6153993,（有）マツオカ
6153994,マルキフード
6153994,マルキフードセンター
6153995,マルタマフーズＧ
6153997,ミートピアホートク
6153998,ランディーズ
6153999,リテイルサポート
6154001,奥原ストアー
6154001,奥原ストア－Ｍ
6154002,家近物産
6154003,街の直売所
6154005,Ｓｕｎｎｙｒｅｘ
6154006,あいのや
6154007,ウィンマート
6154008,エスシーエム
6154008,国分北海道株式会社
6154010,サクラフーズ
6154011,サンシー
6154011,サンシー知花店
6154011,サンシー宜野湾店
6154014,スーパーとびしま
6154019,フード福井（Ａ美浜）
6154019,フード福井
6154019,加藤産業株式会社中部支社名古屋支店
6154019,フード福井（ＪＡ福井市食
6154020,愛和
6154020,コゲツ産業株式会社福岡支店
6154021,越後屋
6154022,華
6154023,舘原商店
6154025,隅倉
6154026,古田屋
6154026,三井食品株式会社中部支社静岡支店
6154027,広島ママチェーン
6154028,高木酒店
6154029,国分北海道株式会社
6154029,山大藤森商店
6154030,秋津船食
6154031,昭和堂
6154032,上野商事
6154033,星野リゾート
6154035,八百ひで
6154036,琉球ﾃﾞﾘｶｻｰﾋﾞｽ（その他）
6154036,琉球デリカサービス
6154038,大塚商会
6154038,伊藤忠食品株式会社東日本営業部
6154039,丸水秋田中央水産
6154039,丸水秋田中央水産株式会社
6154039,国分東北株式会社秋田支店
6154041,熊井商店
6154045,広協商事株式会社
6154045,広協商事
6154046,江戸屋本店
6154047,国分東北株式会社仙台支店
6154047,合資会社サンエス白萩
6154048,崎原商店
6154048,崎原商店（与那国）
6154049,酒のＡＢＣグループ
6154050,住田株式会社
6154050,住田
6154051,昭和産業
6154053,新昭和食品
6154055,菅文
6154056,西条商事
6154056,加藤産業株式会社中四国支社広島支店
6154057,西濃酒販
6154058,静岡経済連
6154058,静岡県経済連
6154060,鮮国市場
6154063,大栄食品（石垣）
6154063,大栄食品
6154065,第一スーパー
6154066,中西商店
6154066,中西商店＜石川＞
6154067,中田商店
6154068,長井商店
6154068,長井商店（久米島）
6154071,萩原酒店
6154072,福一
6154075,有限会社スーパーしんや
6154076,有限会社スーパー小寺
6154077,有限会社なかたストアー
6154078,有限会社ファミリーマートさとう
6154079,有限会社まさるフーズ
6154082,有限会社宇野澤商店
6154083,国分北海道株式会社
6154083,有限会社小崎食料品店
6154084,有限会社食彩エフ
6154085,㈲知念商会Ｙ
6154085,有限会社知念商会
6154086,仲松商事
6154086,（有）仲松商事
6154086,有限会社仲松商事
6154088,有限会社野手商店
6154088,国分関信越株式会社栃木支社
6154089,有限会社野田食品
6154091,与儀商店
6154091,与儀商店株式会社
6154091,与儀商店（南大東）
6154098,ＪＡ福井県経済連
6154098,ＴＨＤカナ株北陸ＣＧＣＪＡ福井県
6154098,ＴＨＤカナ株北陸ＣＧＣフード福井
6154102,吉寅商店
6154105,国分関信越株式会社信越支社新潟支店
6154105,アークランズ
6154105,アークランズ株式会社
6154116,ＪＡ山口県
6154333,山岸（ホームセンターヤマキシ／福井）
6154334,もったいない村
6154337,魚さいとう
6154337,魚斉藤
6154340,グリーンシティー
6154343,国分北海道株式会社
6154343,ルーキーファーム
6154347,１０５ストアー（ｻﾞﾏﾐ）
6154347,１０５ストアー
6154352,ナカハラストアー
6154352,ﾅｶﾊﾗｽﾄｱｰ沢岻店
6154354,三菱食品株式会社中部支社営業部
6154356,ピアレマート
6154356,魚栄商店
6154356,スポット（ピアレマート／ウオエイ／良食生活館）
6154358,伊藤忠商事
6154358,伊藤忠商事株式会社
6154360,オクダ商店
6154361,マンガ倉庫
6154361,マンガ倉庫（アラート）
6154366,本荘消費
6154371,内山食品
6154374,島原雲仙農協
6154374,国分九州株式会社
6154379,宮川屋
6154380,ドラッグストアヘイセイ
6154384,肉と生鮮ジャンボ市敷島や
6154385,塩原屋
6154387,中島食品
6154388,スーパー中川
6154393,ノセボックス
6154396,有限会社ショッピング熊本屋
6154398,ハタジキ
6154399,御前屋
6154401,ジャスティス
6154405,ピーナッツクラブ
6154405,伊藤忠食品株式会社西日本営業部
6154407,米三
6154416,有限会社玉末商店
6154417,イーストア日の出屋
6154418,モリフジ
6154419,ちねんスーパー
6154419,ちねんスーパー（石垣
6154420,国分北海道株式会社
6154420,有限会社魚長
6154421,山梨明食
6154423,オトキタ酒販株式会社
6154423,オトキタ酒販
6154424,国分関信越株式会社信越支社新潟支店
6154424,清野屋（新潟）
6154425,フクハマ
6154427,三菱食品株式会社関西支社営業第三部
6154427,食品館
6154431,大亜
6154433,大幸大竹商店
6154434,フクハラ（スコール）
6154435,サンエーベル
6154436,国分東北株式会社郡山支店
6154436,笹島菓子食品
6154436,笹島菓子食品株式会社
6154438,いそざき
6154822,八木橋
6154823,フレッシュランドマルコー
6154824,ＪＡライフクリエイト
6154825,加藤商店
6154826,高平
6154827,未来堂高山
6154828,都農農場
6154829,小林米穀店
6154829,国分関信越株式会社群馬支社
6154830,スーパーアイザワ
6154831,アサヒ物産
6154833,ファンズソリューション
6154833,ファンズソリューション株式会社
6154834,イオンリテール西日本カンパニー
6154835,イオンリテール東海カンパニー
6154835,イオンリテール株式会社東海カンパニー
6154835,加藤産業株式会社中部支社名古屋支店
6154836,加藤産業株式会社中部支社名古屋支店
6154836,イオンリテール株式会社北陸信越カンパニー
6154836,イオンリテール北陸信越カンパニー
6154837,イオンリテール北関東カンパニー
6154837,イオンリテール株式会社北関東カンパニー
6154838,イオンリテール株式会社南関東カンパニー
6154838,イオンリテール南関東カンパニー
6154839,イオン東北
6154839,イオン東北株式会社
6154840,オーディエー株式会社
6154840,オーディエー
6154841,北乃屋
6154842,ジュピターコーヒー
6154842,ジュピターコーヒー株式会社
6154843,大光
6154844,ジョイフル本田
6154844,伊藤忠食品株式会社東日本営業部
6154845,長野県Ａコープ
6154845,Ａコープ長野
6154845,長野県ＡコープＲ２
6154848,加藤産業株式会社九州支社福岡支店
6154848,イオンウエルシア九州
6154848,イオンウエルシア九州株式会社
6154863,新茨城食品商会
6154911,川岸商店
6155192,国分北海道株式会社
6155192,有限会社川村商店
6155266,パレッテ株式会社
6155266,パレッテ
6155266,加藤産業株式会社南関東支社湘南支店
6155507,ケンチャンストアー
6156155,ビッグワン
6156156,大阪屋ショップ
6156156,国分中部株式会社
6156374,南塚口センターセブン
6156461,きさらぎ
6156461,きさらぎ＜高知＞
6156462,加藤産業株式会社東関東支社千葉支店
6156462,イオンネクスト
6156462,イオンネクスト株式会社
6156695,加藤産業株式会社西近畿支社神姫支店
6156695,ワンステップ
6157254,シ－エツクスカ－ゴ
6157273,特鮮食品卸ベンダーアロス尾張旭店
6157359,岐阜産研工業株式会社ギフト事業部
6157359,岐阜産研工業ギフト事業部
6157359,国分中部株式会社
6157435,コゲツ産業株式会社北九州支店
6157435,ナフコ
6157532,東日本トランスポート
6157721,有限会社白銀屋商店
6158065,ゆきひろＭＡＴＥ栗原店
6158197,六字屋
6159089,国分中部株式会社
6159089,協同食品株式会社
6159089,協同食品
6159121,橋本酒店
6160193,有限会社小専商店
6160193,国分東北株式会社盛岡支店
6160194,国分東北株式会社青森支店
6160194,たか久
6160195,国分北海道株式会社
6160195,明治信和産業株式会社
6160195,明治信和産業
6160627,九州屋
6160627,加藤産業株式会社北関東支社多摩支店
6160628,てらお食品（生鮮市場てらお／千葉）
6160628,てらお食品
6160629,三井食品株式会社中部支社静岡支店
6160629,ユーカリ
6160900,有限会社関食品（山形）
6160901,Ｍｉｋ株式会社
6160901,Ｍｉｋ
6160904,有限会社ナカムラフーズ
6160905,角屋米穀
6160906,見田元七商店
6160908,ロウィンズ
6160909,フライフィッシュ
6160912,有限会社須山商店
6160913,山晃商事株式会社
6160913,山晃商事
6160913,加藤産業株式会社北近畿支社北大阪支店
6160914,フレッシュフーズファクトリー（大分）
6160914,国分九州株式会社大分支店
6160915,スーパーなかそね
6160916,ＳＯＭＥＳ
6160920,朝日エアポートサービス
6160920,伊藤忠食品株式会社西日本営業部
6160921,小林商事
6160921,伊藤忠食品株式会社東日本営業部
6160921,小林商事株式会社
6160922,丸徳
6160922,加藤産業株式会社西近畿支社阪神支店
6160923,加藤産業株式会社中四国支社四国支店
6160923,フジマート四国
6160923,加藤産業株式会社中四国支社広島支店
6160924,南さつま農業協同組合
6161550,フレッシュカーゴ
6161819,加藤産業株式会社中四国支社広島支店
6161819,ニチエー
6161820,国分北海道株式会社
6161820,あいちょう釧路
6161830,いずみサポート株式会社
6161830,いずみサポート
6162160,松戸萬味
6162161,嶋津トレーディング
6162163,小林米殻店
6162172,ｓｈｏｉｃｈｉ
6162173,加藤産業株式会社南近畿支社阪和支店
6162173,有限会社コウゲンフーズ
6162174,有限会社金田商店
6162175,昆布寅
6162176,アスディライト
6162177,山憲商店（岐阜）
6162178,有限会社トーカイメディア・フーズ
6162180,かきこや
6162300,北神商事
6162300,国分北海道株式会社
6162310,倉府食品
6162310,加藤産業株式会社九州支社長崎支店
6162512,阪急キッチンエール関西
6163094,ヤマモトヤ
6163095,八戸港船食
6163096,エム・ワン・エンタープライズ
6163097,有限会社三河屋スーパー
6163098,嬬恋農協
6163099,マルトシ
6163102,三菱食品中四国支社営業グループ岡山ユニット
6163102,藤徳物産株式会社岡山支店
6163102,マルイ（山陰）
6163111,山陽ハイクリーナー
6163111,国分西日本株式会社岡山支店
6163120,アイ・エム・シー
6163120,伊藤忠食品株式会社西日本営業部
6163131,有限会社菊屋
6163432,有限会社丸ワイフードセンター（岐阜／マルワイＦ）
6163433,さのや
6163817,三浦商事
6163817,三浦商事株式会社
6164484,神戸物産東日本
6164485,イオンリテールストア南関東カンパニー
6164485,イオンリテールストア株式会社南関東カンパニー
6164486,コノミヤ東海
6164487,国分九州株式会社
6164487,国分西日本株式会社近畿支社
6164487,国分北海道株式会社
6164487,ＤＣＭ株式会社
6164487,国分東北株式会社仙台支店
6164487,国分関信越株式会社栃木支社
6164487,ＤＣＭ
6164488,イオンリテールストア東海カンパニー
6164489,マルヤス（大阪）
6164489,マルヤスホールディングス
6164490,トモシア株式会社
6164490,トモシア
6164490,トモシア株式会社小田商店
6164500,マークスＨＤマエダ
6164500,マエダ（マークスグループ）
6164501,伊藤忠食品株式会社東日本営業部
6164501,アエナ
6164502,イオンリテールストア北関東カンパニー
6164503,ヴィルマルシェ
6164632,西條商事株式会社（ショージ／広島）
6164632,西條商事（ショージ／広島）
6164633,テンプラス（札幌／菓子卸）
6164634,協エイケイアール食品小売共栄会
6164634,ＡＫＲ共栄会（大阪）
6164634,加藤産業株式会社南近畿支社阪和支店
6164634,加藤産業株式会社西近畿支社神姫支店
6164635,楽天
6164635,三菱食品株式会社関西支社営業第三部
6164635,楽天株式会社
6164635,国分西日本株式会社近畿支社
6164635,国分首都圏株式会社ＧＭＳ営業部
6164636,東乾（大阪／卸）
6164637,ドン・キホーテ山梨
6164638,ホームセンターみつわ（福井）
6164639,霧島商会
6164640,有限会社神野商店（フードセンターかんの）
6164640,国分北海道株式会社
6164641,市印相沢食料百貨店
6164641,国分北海道株式会社
6164642,有限会社クレユー（広島菓子卸）
6164643,有限会社横越マルフネ（新潟）
6164644,フーズマーケットホック（島根）
6164644,国分西日本株式会社山陰支店
6164645,アークランズ株式会社（ムサシ食品館）
6164645,アークランズ（ムサシ食品館）
6164646,アドバンスクリヤマ（スパーマーケットシミズヤ）
6164647,有限会社仲村商店
6164648,ＳＹＮＡＢＩＺ（品川／ＥＣ）
6164649,ヨシゾノ食品有限会社（宮崎卸）
6164650,ケンメイ（静岡／卸）
6164651,いりき
6164651,スーパードラッグいりき（宮崎）
6164652,有限会社森原商店
6164652,藤徳物産株式会社岡山支店
6164652,加藤産業株式会社中四国支社岡山支店
6164653,キャリテック株式会社
6164653,キャリテック
6164654,リカー＆ドラッグ四ツ目屋
6164660,茨城大学生活協同組合
6164661,有佐スーパー（熊本／ありさスーパー）
6164662,ＪＡ静岡経済連
6164663,ニューマルシェ（大阪）
6164664,入来薬品有限会社（宮崎）
6164665,協同組合熊本スーパーマーケットグループ（ＣＧＣ）
6164666,ユアピース（大阪）
6164667,エムマート（熊本）
6164668,国分西日本株式会社近畿支社
6164668,大学生活協同組合関西北陸事業連合
6164669,ＴＫＯ物産（大阪／アジアンフーズ）
6164669,ＴＫＯ物産株式会社（大阪／アジアンフーズ）
6164670,角田商店
6164671,しげのや（千葉）
6164672,国分北海道株式会社
6164672,テキサス（帯広）
6164673,Ｉ＆Ｈ（阪神調剤薬局）
6164673,Ｉ＆Ｈ株式会社（阪神調剤薬局）
6164674,鹿児島大学生活協同組合
6164675,サンエイ（長野Ｐ店）
6164676,エクスプライス株式会社（東京／ＥＣ／ＤＣＭ）
6164676,エクスプライス（東京／ＥＣ／ＤＣＭ）
6164677,有限会社末広マート
6164677,ＴＨＤ四国株式会社末広
6164677,有限会社末広マート（松山）
6164678,渋谷レックス
6164679,なか六新鮮屋（福岡）
6164680,たけさわストア（岩手）
6164681,国分九州株式会社熊本支店
6164681,田中八商店（熊本）
6164682,神戸市小売市場連合会
6164683,奈良ドラッグ（エムズ）
6164930,東海コープ事業連合（ぎふ・あいち・みえ）
6164930,国分中部株式会社
6164931,西村ジョイ株式会社
6164931,西村ジョイ
6196160,爽快ドラッグ
6196160,三菱食品株式会社営業第二本部神奈川エリアオフィス
6196161,グッデイ
6196161,三井食品株式会社九州支社北部九州営業室
6196410,エンド商事株式会社（大阪業務用卸）
6196410,伊藤忠食品株式会社西日本営業部
6196410,エンド商事（大阪業務用卸）
6196411,万代（宮城）
6196411,万代エンターテインメント
6196411,万代
6196420,辛メーター
6196420,辛メーター株式会社
6196990,大黒
6197370,関西陸運
6197370,関西陸運株式会社
6197371,セルシオ（鶴見）
6197372,フォーシーズＨＤ
6197372,フォーシーズＨＤ（福岡）
6197373,特鮮食品卸ベンダーアロス尾張旭店
6197374,有限会社ショップ味っ子
6197375,東陽物流株式会社尾張西営業所
6197375,東陽物流尾張西営業所
6197376,ビック酒販（ビックカメラ）
6197377,東京ロジテック
6197378,三井食品株式会社首都圏支社東京営業部営業第一室
6197378,平野ストアー
6197379,釜利谷米穀店
6197620,鹿島食品
6197620,鹿島食品株式会社
6200820,なの花西日本
6201230,マルイ（新潟）
6201750,迫田
