제품코드,제품명
101003042,辛カップラーメン
101003583,農心 辛ラーメン キムチ カップ ６８ｇ
101004421,農心ジャパン 辛ラーメン 激辛カップ
101002078,本場韓国コムタンラーメン
101005016,農心ジャパン ノグリラーメン ６２ｇカップ
101002602,農心 辛ラーメン ミニ カップ ４９ｇ
101002007,農心 ユッケジャンラーメン
101005144,農心 甘辛ヤンニョムチキンビビン麺 １２２ｇ
101004881,農心ジャパン チャパグリカップ １１４ｇ
101005174,農心 辛ラーメン焼きそば カップ １０３ｇ
101005378,農心 辛ラーメン バケツ カップ １１４ｇ
101000461,辛ラーメン
101000491,辛ラーメン １２０ｇＸ３Ｐ
101001977,農心ジャパン 辛ラーメン
101004616,辛ラーメン キムチ
101004617,農心 辛ラーメン キムチ ３Ｐ袋
101005226,農心 辛ラーメン焼きそば １３１ｇ袋
101003926,農心 辛ラーメンブラック
101003925,農心ジャパン 辛ラーメンブラック
101000499,農心 ノグリラーメン 袋 １２０ｇ
101004575,農心 ノグリラーメン マイルド １２０ｇ
101004576,農心ジャパン ノグリラーメン マイルド ５Ｐ
101003220,農心 カムジャ麺 １００ｇ袋
101003045,農心 カムジャ麺 １００ｇ×４袋
101002560,農心 本場韓国コムタンラーメン １１１ｇ袋
101002547,農心 本場韓国コムタンラーメン ３Ｐ ３３３ｇ
101005164,農心ジャパン 安城湯麺 １２５ｇ
101000551,農心ジャパン チャパゲティ １４０ｇ
101000664,農心 いかチャンポン
101003363,農心 チャーワン
101003364,農心 旨辛海鮮ちゃんぽん
101003291,農心 旨海鮮ちゃんぽん
101004632,農心 ふるる冷麺（水冷麺） １５５ｇ袋
101004633,農心 ふるる冷麺（ビビン冷麺） １５９ｇ
102000556,農心 辛いえびせん
102001277,農心 オニオンリング
102001248,農心 ハニーツイストスナック
102001400,農心 バナナキック
101005425,農心 ベホンドンビビン麺 １３６ｇ
101005379,辛ラーメンブラック バケツカップ
101005529,辛ラーメン 焼きそばチーズカップ
101005569,農心 辛ラーメンチーズ焼きそば １３６ｇ袋
101005680,農心 キムチサバル ８６ｇカップ
903002021,農心 コリコレ鍋セット プデチゲ ２００ｇ
903002022,コリコレ鍋セット キムチチゲ
903002023,農心 コリコレ鍋セット スンドゥブチゲ ２１０ｇ
101003042,くらしモア 農心 辛カップラーメン ６８ｇ
101000491,くらしモア 農心 辛ラーメン １２０ｇ×３Ｐ
101004617,くらしモア 農心 辛ラーメン キムチ ３Ｐ袋
101006322,農心ジャパン イワシカルグクス
101006587,農心 辛ラーメン焼きそば バケツカップ １０５ｇ
101003925,農心ジャパン 辛ラーメンブラック３P
101003583,辛ラーメンキムチカップ
102001248,ハニーツイストスナック ７５ｇ
101006509,農心 辛ラーメン 焼きそば １３５ｇ袋
101006278,農心 辛ラーメンスパイシーチキン １２０ｇ袋
101006531,農心ジャパン ふるる冷麺（ビビン冷麺） １５９ｇ
101006529,農心ジャパン ふるる冷麺（水冷麺） １５５ｇ
101006694,辛ラーメントゥーンバ バケツカップ
101006355,辛バケツカップ トムヤムクン味
101006355,農心 辛バケツカップ トムヤムクン味 １１７ｇ
101006355,辛バケツカップ トムヤムクン味 １１７ｇ
101004485,農心ジャパン カムジャ麺 バケツカップ ９０ｇ
101006671,農心ジャパン 辛ラーメン トゥーンバ １３７ｇ袋
101006965,農心 辛ラーメン焼きそばトムヤムクン味 １０３ｇ
101007070,農心 もっちりノグリカップ韓国風海鮮味 １０３ｇ
101007071,農心 辛ラーメン ブラック カップ １０１ｇ
101003583,農心 辛ラーメン キムチ カップ
101006671,農心ジャパン 辛ラーメン トゥーンバ
101002078,農心 本場韓国コムタンラーメン
101005144,農心 甘辛ヤンニョムチキンビビン麺
903001991,コリコレポックム鉄板タッカルビ ２０７Ｇ箱
903001992,コリコレポックム豚肉ポックム ２１４Ｇ箱
101000551,チャパゲッティ １４０Ｇ袋
101000499,ノグリラーメン １２０Ｇ袋
101000461,辛ラーメン １２０Ｇ 袋
101000491,辛ラーメン ３食パック １２０ＧＸ３Ｐ
101003583,辛ラーメンキムチ カップ ６８Ｇカップ
101004632,ふるる冷麺 水冷麺 １５５Ｇ袋
101003042,辛カップラーメン ６８Ｇカップ
903001992,農心 コリコレポックム豚肉ポックム ２１４Ｇ箱
101000551,農心 チャパゲッティ １４０Ｇ袋
101000461,農心 辛ラーメン １２０Ｇ 袋
101000491,農心 辛ラーメン ３食パック １２０ＧＸ３Ｐ
101003042,農心 辛カップラーメン ６８Ｇカップ
101003583,農心 辛ラーメンキムチ カップ ６８Ｇカップ
101000499,農心 ノグリラーメン １２０Ｇ袋
101005226,農心 辛ラーメン 焼きそば 袋 １３１Ｇ袋
101002560,農心 本場韓国コムタンラーメン 袋 １１１Ｇ袋
101005164,農心 安城湯麺 アンソンタンメン １２５Ｇ袋
101004421,農心 辛ラーメン激辛 カップ ６８Ｇカップ
101005425,農心 ベホンドンビビン麺 １３６Ｇ袋
101002602,農心 辛ラーメン ＭＩＮＩ ４９Ｇカップ
101004632,農心 ふるる冷麺 水冷麺 １５５Ｇ袋
101004616,農心 辛ラーメン キムチ 袋 １２０Ｇ袋
101001977,農心 辛ラーメン ５食パック １２０ＧＸ５食袋
101005016,農心 ノグリラーメンカップ ６２Ｇカップ
101005174,農心 辛ラーメン焼きそばカップ １０３Ｇカップ
101004881,農心 チャパグリカップ １１４Ｇカップ
101003364,農心 旨辛海鮮ちゃんぽん １３０Ｇ袋
101002007,農心 ユッケジャンラーメンカップ ８６Ｇカップ
101005529,辛ラーメン焼きそばチーズカップ １０５Ｇカッ
101003364,旨辛海鮮ちゃんぽん １３０Ｇ袋
101003220,カムジャ麺 １００Ｇ袋
903002021,コリコレ鍋セット プデチゲ ２００Ｇ 箱
903002023,コリコレ鍋セット スンドゥブチゲ ２１０Ｇ
101002560,本場韓国コムタンラーメン 袋 １１１Ｇ袋
101005164,安城湯麺 アンソンタンメン １２５Ｇ袋
101004616,辛ラーメン キムチ 袋 １２０Ｇ袋
101004421,辛ラーメン激辛 カップ ６８Ｇカップ
101002602,辛ラーメン ＭＩＮＩ ４９Ｇカップ
101001977,辛ラーメン ５食パック １２０ＧＸ５食袋
101005226,辛ラーメン 焼きそば 袋 １３１Ｇ袋
101005016,ノグリラーメンカップ ６２Ｇカップ
101004881,チャパグリカップ １１４Ｇカップ
101005174,辛ラーメン焼きそばカップ １０３Ｇカップ
101000499,ノグリラーメン
101004633,農心 ふるる冷麺 ビビン麺 １５９Ｇ袋
101002007,ユッケジャンラーメンカップ ８６Ｇカップ
101005144,甘辛ヤンニョムチキンビビン麺カップ １２２Ｇ
903002022,コリコレ鍋セット キムチチゲ ２１０Ｇ箱
101003220,農心 カムジャ麺 １００Ｇ袋
101000551,チャパゲッティ
903002021,農心 コリコレ鍋セット プデチゲ ２００Ｇ 箱
903002023,農心 コリコレ鍋セット スンドゥブチゲ ２１０Ｇ
101003220,カムジャ麺
101004633,ふるる冷麺 ビビン麺 １５９Ｇ袋
101005425,ベホンドンビビン麺 １３６Ｇ袋
101004617,辛ラーメン キムチ ３食パック １２０ＧＸ３
101005378,辛ラーメン バケツカップ １１４Ｇ カップ
101005569,農心 辛ラーメン チーズ焼きそば 袋 １３６Ｇ 袋
101005425,ベホンドンビビン麺１３６G袋
101006322,農心 イワシカルグクス ９８Ｇ 袋
101005144,農心 甘辛ヤンニョムチキンビビン麺カップ １２２Ｇ
101005569,辛ラーメン チーズ焼きそば 袋 １３６Ｇ
101006587,辛焼きそば カップ １０５Ｇ カップ
101004617,農心 辛ラーメン キムチ ３食パック １２０ＧＸ３
101006531,農心 ふるる冷麺 水冷麺 １５５Ｇ 袋
101006529,農心 ふるる冷麺 ビビン冷麺 １５９Ｇ 袋
101006531,ふるる冷麺 水冷麺 １５５Ｇ 袋
101006529,ふるる冷麺 ビビン冷麺 １５９Ｇ 袋
101006587,農心 辛焼きそば カップ １０５Ｇ カップ
101006509,辛焼きそば 袋 １３５Ｇ 袋
101006671,辛ラーメン トゥーンバ １３７Ｇ 袋
101005529,辛ラーメン焼きそば チーズ カップ １０５Ｇ
101006529,ふるる冷麺 ビビン冷麺 １５９Ｇ
101006355,農心 辛ラーメン バケツカップ １１４Ｇ カップ
101006509,農心 辛焼きそば 袋 １３５Ｇ 袋
101003925,辛ラーメン ブラック 袋 １３０Ｇ 袋
101000491,農心 辛ラーメン ３Ｐ
101000491,農心 辛ﾗｰﾒﾝ 3P
101003042,農心シ゛ャハ゜ン 辛カッフ゜ラーメン ６８Ｇ
101003042,農心ｼﾞｬﾊﾟﾝ　辛ｶｯﾌﾟﾗｰﾒﾝ 68G
101004881,農心 チャハ゜ク゛リカッフ゜ １１４ｇ
101004881,農心　ﾁｬﾊﾟｸﾞﾘｶｯﾌﾟ 114g
101005144,甘辛ヤンニョムチキンヒ゛ヒ゛ン麺 カッフ゜ １２２
101005174,辛ラーメン焼きそばカッフ゜
101005174,辛ﾗｰﾒﾝ焼きそばｶｯﾌﾟ
101002602,農心 辛ラーメンミニカッフ゜ ４９Ｇ
101004632,農心 ふるる冷麺（水冷麺）１５５Ｇ
101004633,農心 ふるる冷麺（ヒ゛ヒ゛ン冷麺）１５９Ｇ
101004617,農心 辛ラーメン キムチ ３Ｐ
101004617,農心　辛ﾗｰﾒﾝ ｷﾑﾁ 3P
101000461,農心 辛ラ－メン １２０ｇ
101002078,農心 本場韓国コムタンラーメン ７５Ｇ
101001977,農心 辛ラ－メン袋 ５食
101003583,農心 辛ラーメン キムチ カッフ゜ ６８Ｇ
101003583,農心　辛ﾗｰﾒﾝ ｷﾑﾁ ｶｯﾌﾟ 68G
102001248,農心 ハニーツイストスナツク ７５Ｇ
102000556,農心 辛いえびせん ９０ｇ
101003363,農心 チャーワン麺 １３４ｇ
101003925,農心 辛ラーメンフ゛ラック ３Ｐ １３０ｇＸ３
101004576,農心シ゛ャハ゜ン ノク゛リラーメンマイルト゛１２０
101000499,農心 ノグリラーメン １２０Ｇ
101000499,農心 ノグリラーメン 120G
102001277,農心 オニオンリング ５０ｇ
101002560,農心 本場韓国コムタンラーメン 袋 １１１Ｇ
101003045,カムシ゛ャ麺４Ｐ
101003220,農心シ゛ャハ゜ン カムシ゛ャ麺 袋 １００Ｇ
101003220,農心ｼﾞｬﾊﾟﾝ　ｶﾑｼﾞｬ麺 袋 100G
901001584,ヘピョ 純正ごま油 １００ｇ
101003364,農心 旨辛海鮮ちゃんぽん １３０Ｇ
901001848,農心韓ラーメンお楽しみ袋ＮＯ１０カフェ１８０４
101003926,農心 辛ラーメンフ゛ラック １３０ｇ
101003926,農心　辛ﾗｰﾒﾝﾌﾞﾗｯｸ 130g
101000551,農心 チャハ゜ケ゛ティ １４０ｇ
101000664,農心 いかチャンホ゜ン １２４ｇ
101004575,農心シ゛ャハ゜ン ノク゛リラーメン マイルト゛ １
101005164,農心 安城湯麺１２５Ｇ
101005164,農心　安城湯麺125G
102001400,農心シ゛ャハ゜ン ハ゛ナナキック ４５ｇ
101005016,農心シ゛ャハ゜ン ノク゛リラーメン カッフ゜ ６２
101005226,辛ラーメン焼きそば袋 １３１ｇ
101005226,辛ﾗｰﾒﾝ焼きそば袋　131g
903001991,農心 コリコレホ゜ックム鉄板タッカルヒ゛２０７ｇ
903001992,農心シ゛ャハ゜ンコリコレホ゜ックム豚肉ホ゜ックム２
101005420,ヘ゛ホント゛ンヒ゛ヒ゛ン麺 ４Ｐ ５４４ｇ
101002007,農心シ゛ャハ゜ン ユッケシ゛ャンラーメン ８６ｇ
101003703,農心 旨辛焼きちゃんぽん １３７ＧＸ４
101004421,農心シ゛ャハ゜ン 辛ラーメン 激辛カッフ゜ ６８ｇ
101005425,農心 ヘ゛ホント゛ンヒ゛ヒ゛ン麺 １Ｐ １３６ｇ
101000491,農心 辛ラーメン １２０Ｇ＊３
101004616,農心 辛ラ－メン キムチ １２０ｇ
101005529,辛ラーメン焼きそばチース゛カッフ゜
101005529,辛ﾗｰﾒﾝ焼きそばﾁｰｽﾞｶｯﾌﾟ
101000491,処分販売補填 ８％
101000491,ショフ゛ンタ゛イ
101003042,農心シ゛ャハ゜ン 辛カッフ゜ラーメン
101005378,農心辛ラーメン ハ゛ケツ カッフ゜ １１４ｇ
101003364,旨辛海鮮ちゃんぽん１Ｐ
101004887,農心シ゛ャハ゜ン アンク゛リーノク゛リ１２１ｇｘ５
101000491,単価差額 ８％
101000461,農心 辛ラーメン 袋 １２０ｇ
101000491,拡売費 ８％
101002547,農心 本場韓国コムタンラーメン袋３Ｐ
101000499,ノグリラーメン １２０Ｇ
102001248,ハニーツイストスナツク ７５Ｇ
102000556,辛いえびせん ９０ｇ
102001277,オニオンリング ５０ｇ
101001977,辛ラ－メン袋 ５食
101006531,ふるる冷麺（水冷麺）１５５Ｇ
101006529,ふるる冷麺（ヒ゛ヒ゛ン冷麺）１５９Ｇ
101003925,辛ラーメンフ゛ラック ３Ｐ １３０ｇＸ３
101000551,チャハ゜ケ゛ティ １４０ｇ
101005164,安城湯麺１２５Ｇ
101002748,農心 本場韓国のりラーメン ７５Ｇ
101005164,農心シ゛ャハ゜ン安城湯麺 １２５ｇ
903001931,コリコレ鍋セット キムチチケ゛ ２１０ｇ
101003042,辛カッフ゜ラーメン
101004617,辛ラーメン キムチ ３Ｐ
101000499,農心 ノク゛リラーメン（袋） １２０Ｇ
101000551,農心 チャハ゜ケ゛ティ （袋） １４０ｇ
101000551,農心　ﾁｬﾊﾟｹﾞﾃｨ 140g
101002602,農心 辛ラーメン ミニカッフ゜４９ｇ＊６個
101005016,農心シ゛ャハ゜ン ノク゛リラーメン
101000461,辛ラ－メン １２０ｇ
101002078,本場韓国コムタンラーメン ７５Ｇ
101000491,在庫処分販売補填 ８％
901001848,農心ラーメンお楽しみ袋 NO:10
901001798,農心 韓ラーメンお楽しみ袋 ＮＯ８
901002180,農心シ゛ャハ゜ン お楽しみ袋 １袋
101002560,本場韓国コムタンラーメン 袋
101000491,辛ラーメン ３Ｐ
101003583,辛ラーメン キムチ カッフ゜
101005569,辛ラーメン焼きそばチース゛袋 １３６Ｇ
101005569,辛ﾗｰﾒﾝ焼きそばﾁｰｽﾞ袋　136G
903002021,コリコレ鍋セット フ゜テ゛チケ゛ ２００ｇ
903002023,コリコレ鍋セット スント゛ゥフ゛チケ゛ ２１０ｇ
101000988,農心 韓国ピリ辛ラーメン ６５Ｇ
101001960,農心 旨 激辛ラーメン ６５Ｇ
903002021,コリコレ鍋セット フ゜テ゛チケ゛ ２１０ｇ
101003045,カムシ゛ャ麺Ｒ用４Ｐ
101005680,農心シ゛ャハ゜ンキムチサハ゛ルカッフ゜８６ｇ
101003925,辛ラーメンフ゛ラック ３Ｐ
101005425,ヘ゛ホント゛ンヒ゛ヒ゛ン麺
101004447,農心 旨辛焼きちゃんぽん １３７Ｇ
101005016,ノク゛リラーメン カッフ゜ ６２
101000491,定番差額補填分 ８％
101000491,見切処分販売補填 ８％
903001916,ｗａｎｇ タッカルヒ゛ソース ２２０ｇ
903001919,ｗａｎｇ ハニーマスタート゛ソース ２０５ｇ
903001373,農心シ゛ャハ゜ン チャフ゜チェソース ２４０ｇ
101000491,改装処分販売補填 ８％
101005016,農心 ノグリラーメンカッフ゜
101000491,値引 値増 ８％ ＊＊＊＊＊＊
903002056,農心 韓ラーメンお楽しみ袋ＮＯ．１４
901001798,韓ラーメンお楽しみ袋 ＮＯ８
101002560,本場韓国コムタンラーメン 袋 １１１Ｇ
101003363,チャーワン麺 １３４ｇ
101003703,旨辛焼きちゃんぽん １３７ＧＸ４
101002007,農心シ゛ャハ゜ン ユッケシ゛ャンラーメン
903001423,トッホ゜キ゛＆ヌート゛ル シ゛ャシ゛ャン味 １２８
903001421,トッホ゜キ゛＆ヌート゛ル 旨辛味 １２８ｇ
101000491,棚替処分販売補填 ８％
101005016,ノク゛リラーメン カッフ゜
101002547,農心 コムタンラーメン袋 ３Ｐ＋１ ４４４ｇ
101005016,農心シ゛ャハ゜ン ノク゛リラーメン カッフ゜
101005016,農心シ゛ャハ゜ン ノク゛リラーメンカッフ゜
101000491,条件 ８％
101000491,初回半値導入 ８％
101000491,新規定番導入商品値引 ８％
101000491,改装半値導入 ８％
101000491,新店半額導入 ８％
101000491,ショカイハンネト゛ウニュウ
101000491,改装半額導入 ８％
101000491,新規導入商品値引 ８％
101000491,新店初回導入値引 ８％
101006160,辛ラーメン ハ゛ケツカッフ゜ スハ゜イシーチキン
101003042,辛カップラーメン　68Ｇ
903002043,農心シ゛ャハ゜ン ヘ゛ホント゛ン万能ソース ３００
903002044,農心シ゛ャハ゜ン チャハ゜ケ゛ティ万能ソース ２８
101006322,農心シ゛ャハ゜ン イワシカルク゛クス ９８ｇ
101000461,事前農心 辛ラ－メン １２０ｇ
101002560,農心 本場韓国コムタンラーメン 袋
101003042,辛カッフ゜ラーメン　６８Ｇ
101000491,農心 辛ラーメン　３Ｐ
101002602,農心　辛ラーメン　ミニカッフ゜４９ｇ＊６個
101003583,農心　辛ラーメン　キムチ カッフ゜ ６８Ｇ
101004617,農心　辛ラーメン　キムチ ３Ｐ
101000491,新店導入条件 ８％
101005016,農心シ゛ャハ゜ン ノク゛リラーメンカップ　６２Ｇ
101003583,農心 辛ラーメン　キムチカップ　６８Ｇ
101004617,農心 辛ラーメン　キムチ　３Ｐ
101002547,農心 ｺﾑﾀﾝﾗｰﾒﾝ袋3Ｐ+1 444g
903002044,農心シ゛ャハ゜ン チャハ゜ケ゛ティ万能ソース
101002602,農心 辛ラーメン　ミニカッフ゜４９ｇ＊６個
101003042,農心シ゛ャハ゜ン　辛カッフ゜ラーメン ６８Ｇ
101003583,農心 辛ラーメン　キムチ カッフ゜ ６８Ｇ
101004421,農心シ゛ャハ゜ン　辛ラーメン 激辛カッフ゜
101004617,農心 辛ラーメン　キムチ ３Ｐ
101005379,農心 辛ラーメンフ゛ラック ハ゛ケツカッフ゜ １０
101003042,事前農心シ゛ャハ゜ン 辛カッフ゜ラーメン ６８Ｇ
901002180,農心シ゛ャハ゜ン 韓お楽しみ袋 ５個
101004616,農心 辛ラーメン キムチ袋 １２０ｇ
101003583,農心 辛ラーメン キムチカップ
101005379,農心 辛ラーメンフ゛ラック ハ゛ケツカッフ゜
101000491,農心　辛ラーメン3P
101004617,農心　辛ラーメンキムチ3P
101005242,ノウシン チャハ゜ク゛リ 袋５Ｐ
101006278,農心 辛ラーメンスハ゜イシーチキン袋１Ｐ
101006587,農心 辛ラーメン焼きそばハ゛ケツカッフ゜１０５ｇ
101005293,農心シ゛ャハ゜ン チャハ゜ケ゛ティ カッフ゜ １１
101006671,農心 辛ラーメントゥーンハ゛１Ｐ
101006509,農心シ゛ャハ゜ン 辛ラーメン焼きそば袋１３５ｇ
101005241,農心シ゛ャハ゜ン チャハ゜ク゛リ袋１Ｐハ゛ラ １４
101005425,農心 ベホンドン麺１Ｐ　１３６Ｇ
903002021,農心 コリコレ鍋セットプデチゲ　２００ｇ
903002022,農心 コリコレ鍋セットキムチチゲ　２１０ｇ
903002044,農心シ゛ャハ゜ン チャハ゜ケ゛ティ万 能ソース
101005293,農心シ゛ャハ゜ン チャハ゜ケ゛ティ カ ッフ゜ １１
101005241,農心シ゛ャハ゜ン チャハ゜ク゛リ袋１Ｐ ハ゛ラ １４
903002044,農心シ゛ャハ゜ン チャハ゜ケ゛ティ万能ソー ス ２８
101005016,農心シ゛ャハ゜ン ノク゛リラーメン カッ フ゜ ６２
101004576,農心シ゛ャハ゜ン ノク゛リラーメンマイル ト゛１２０
101003042,農心シ゛ャハ゜ン 辛カッフ゜ラ ーメン
101006160,辛ラーメン ハ゛ケツカッフ゜ スハ゜イシー チキン
101006355,農心 辛ラーメンハ゛ケツカッフ゜ トムヤンク ン １
101006355,農心 辛ラーメンハ゛ケツカッフ゜ トムヤ ンクン
101004575,農心シ゛ャハ゜ン ノク゛リラーメン マイ ルト゛ １
101005174,辛ラーメン焼きそばカッフ゜１０３ｇ
101006671,農心 辛ラーメン トゥーンハ゛ 袋 １３７ｇ
101005016,農心シ゛ャハ゜ン ノク゛リラーメン カ ッフ゜
101000491,農心 辛ラーメン
101003926,農心　辛ラーメンフ゛ラック １３０ｇ
101006531,農心　ふるる冷麺（水冷麺）１５５ｇ
101006529,農心　ふるる冷麺（ヒ゛ヒ゛ン冷麺）１５９ｇ
101006587,農心　辛ラーメン焼きそばハ゛ケツカッフ゜１０５ｇ
101006509,農心シ゛ャハ゜ ン　辛ラーメン焼きそば袋１３５ｇ
101004421,農心シ゛ャハ゜ン 辛ラーメン 激辛カ ッフ゜
101006965,辛ラーメン焼きそばハ゛ケツ トムヤムクン １０３ｇ
101006965,辛ラーメン焼きそばハ゛ケツトムヤムクン１０３ｇ
101004576,農心シ゛ャハ゜ン ノク゛リラーメンマイルト゛５P
101006600,農心ジャパン 辛ラーメントゥーンバ４Ｐ
101005016,農心シ゛ャハ゜ン ノク゛リラーメン カッフ゜ 
101004575,農心シ゛ャハ゜ン ノク゛リラーメンマイルト゛１２０ｇ
101005293,農心ジャパン　チャパゲティカップ
101006160,辛ラーメン バケツカップ　スパイシーチキン
101007070,農心 モッチリノク゛リ 韓国風海鮮味 １０３ｇ
903002262,農心辛ラーメンで作るコリコレフ゜テ゛チケ゛ １７６ｇ
903002263,農心 辛ラーメンで作るコリコレキムチチケ゛８１３ｇ
101006600,農心シ゛ャハ゜ン シンラーメンントゥーンハ ゛４Ｐ
101004575,農心シ゛ャハ゜ン ノク゛リラーメン マ イルト゛
101007071,辛ラーメンフ゛ラックカッフ゜ １０１ｇ
101007071,事前＿辛ラーメンフ゛ラックカッフ゜ １０１ｇ
101004485,農心シ゛ャハ゜ンカムシ゛ャ麺 ハ゛ケツカ ッフ゜ ９
101007071,農心 辛ラーメンフ゛ラック ハ゛ケツカッフ ゜ １０
101000491,農心 辛ラーメン １２０ｇＸ３
101003042,農心ジャパン 辛カップラーメン ６８ｇ
101004811,農心 チャパグリカップ １１４ｇ
101003583,農心ジャパン 辛ラーメン キムチ カップ ６８ｇ
101004617,農心 辛ラーメン キムチ １２０ｇＸ３
101005144,農心 甘辛ヤンニョムチキンビビン麺 Ｃ １２２ｇ
101005174,農心ジャパン 辛ラーメン焼きそば カップ １０３ｇ
101004632,農心 ふるる冷麺（水冷麺） １５５ｇ
101004881,農心 チャパグリカップ １１４ｇ
101005144,農心 甘辛ヤンニョムチキンビビン麺カップ １２２ｇ
101005016,農心 ノグリラーメン カップ ６２ｇ
101000461,農心 辛ラーメン 袋（農心） １２０ｇ
101000499,農心 ノグリラーメン １２０ｇ
101002078,農心 本場韓国コムタンラーメン カップ
101003042,農心ジャパン 辛カップラーメン
101003220,農心ジャパン カムジャ麺 袋
101003583,農心ジャパン 辛ラーメン キムチ カップ
101004616,農心 辛ラーメン キムチ 袋
101000551,農心ジャパン チャパゲティ
101002007,農心 ユッケジャンラーメン カップ
101004575,農心ジャパン ノグリラーメン マイルド
101005164,農心ジャパン ダイソーＰＢ 安城湯麺
101005016,農心 ノグリラーメン カップ
101000461,農心 辛ラーメン 袋（農心）
101000499,農心 ノグリラーメン
101005016,農心 ノグリラーメン
101003583,農心ジャパン 辛ラーメン キムチ
101004617,農心 辛ラーメン キムチ
101005226,農心ジャパン 辛ラーメン焼きそば １３１ｇ
101002560,農心 本場韓国コムタンラーメン １１１ｇ
101003220,農心ジャパン カムジャ麺 袋 １００ｇ
101003363,農心 チャーワン １３４ｇ
101002007,農心 ユッケジャンラーメン カップ ８６ｇ
101004575,農心ジャパン ノグリラーメン マイルド １２０ｇ
903002022,農心Ｊ コリコレ鍋セット キムチチゲ ２１０ｇ
101003045,農心 カムジャ麺 １００ｇＸ４
101005425,農心ジャパン ベホンドンビビン麺 １Ｐ １３６ｇ
101000491,統計別商品（その他食品）
101004616,農心 辛ラーメン キムチ 袋 １２０ｇ
903002021,農心ジャパン コリコレ鍋セット プデチゲ ２１０ｇ
101002748,農心 本場韓国のりラーメン カップ ７５ｇ
101004633,農心 ふるる冷麺（ビビン冷麺）
101003926,農心ジャパン 辛ラーメンブラック
903001991,農心Ｊ コリコレポックム 鉄板タッカルビ
101005425,農心ジャパン ベホンドンビビン麺 １Ｐ
101004881,農心 チャパグリカップ
101005174,農心ジャパン 辛ラーメン焼きそば カップ
101005226,農心ジャパン 辛ラーメン焼きそば
903001991,農心Ｊ コリコレポックム 鉄板タッカルビ ２０７ｇ
101000491,統計別商品（農心 食品（軽）
101003042,くらしモア 辛ラーメン カップ ６８ｇ
101000461,くらしモア 辛ラーメン 袋 １２０ｇ
101004616,農心 辛ラーメン キムチ 袋（ニチリウ） １２０ｇ
101004421,農心ジャパン 辛ラーメン激辛Ｃ（ニチリウ ６８ｇ
101002547,農心 本場韓国コムタンラーメン ３袋
101002602,農心ジャパン 辛ラーメン ミニカップ ４９ｇ
101003364,農心 旨辛海鮮ちゃんぽん １３０ｇ
101002078,農心 本場韓国コムタンラーメン カップ ７５ｇ
101003925,農心ジャパン 辛ラーメンブラック １３０ｇＸ３
101000491,統計別商品（農心
101003068,農心 ＨＡＬＡＬ 辛ラーメン カップ ６８ｇ
101005016,農心ジャパン ノグリラーメン カップ ６２ｇ
903001992,農心Ｊ コリコレポックム 豚肉ポックム ２１４ｇ
101005174,農心ジャパン 辛ラーメン焼きそば
101004632,農心 ふるる冷麺（水冷麺）
101000491,統計別商品（全体売上食品）
101002602,農心 ＰＢ 辛ラーメン
901001584,ヘピョ 純正韓国ごま油 １００ｇ
102000556,農心ジャパン 辛いえびせん
102001248,農心ジャパン ハニーツイストスナック
903001932,農心Ｊ コリコレ鍋セットコチュジャンチゲ ２４０ｇ
101000988,農心 旨 韓国ピリ辛ラーメン カップ ６５ｇ
101001960,農心 旨 激辛ラーメン カップ ６５ｇ
101000988,農心 旨 韓国ピリ辛ラーメン カップ
101001960,農心 旨 激辛ラーメン カップ
101005164,農心ジャパン ダイソーＰＢ 安城湯麺 １２５ｇ
101001977,農心ジャパン 辛ラーメン １２０ｇＸ５
101000461,農心 ＬＳ１００ 辛ラーメン 袋（農心） １２０ｇ
101003042,農心ジャパン ＬＳ１００辛カップラーメン ６８ｇ
101003583,農心ジャパン ＬＳ１００辛ラーメンキムチ ６８ｇ
101004421,農心 ＬＳ１００ 辛ラーメン 激辛カップ ６８ｇ
101004616,農心 ＬＳ１００ 辛ラーメン キムチ 袋 １２０ｇ
101002007,農心 ＬＳ１００ ユッケジャンラーメンＣ ８６ｇ
101005016,農心 ＬＳ１００ ノグリラーメン カップ ６２ｇ
101003220,農心ジャパン カムジャ麺
101002748,農心 本場韓国のりラーメン カップ
102000556,統計別商品（農心 菓子（軽）
102001248,農心ジャパン ハニーツイストスナック ７５ｇ
101002602,農心 ＰＢ 辛ラーメン ミニカップ
101002602,農心 ＰＢ 辛ラーメン ミニカップ ４９ｇ
101002602,農心ジャパン 辛ラーメン ミニカップ
101003926,農心ジャパン 辛ラーメンブラック １３０ｇ
102001400,農心ジャパン バナナキック
101003045,農心 カムジャ麺
101005425,農心ジャパン ベホンドンビビン麺
101000461,農心 ＬＳ１００ 辛ラーメン 袋（農心）
101003042,農心ジャパン ＬＳ１００辛カップラーメン
101003583,農心ジャパン ＬＳ１００辛ラーメンキムチ
101004421,農心 ＬＳ１００ 辛ラーメン 激辛カップ
101004616,農心 ＬＳ１００ 辛ラーメン キムチ 袋
101002560,農心 本場韓国コムタンラーメン
903001992,農心Ｊ コリコレポックム 豚肉ポックム
101003583,農心ジャパン辛ラーメンキムチＣ（ニチリウ ６８ｇ
101000491,農心 辛ラーメン ３食 （ニチリウ） １２０ｇＸ３
101005529,農心ジャパン 辛ラーメン焼きそばチーズＣ １０５ｇ
903002023,農心Ｊ コリコレ鍋セット スンドゥブチゲ ２１０ｇ
903002021,農心ジャパン コリコレ鍋セット プデチゲ ２００ｇ
903002022,農心ジャパン コリコレ鍋セットキムチチゲ ２１０ｇ
101005378,農心ジャパン 辛ラーメン バケツ カップ １１４ｇ
101005529,農心ジャパン 辛ラーメン焼きそばチーズＣ
101003042,くらしモア 辛ラーメン カップ
101000461,くらしモア 辛ラーメン 袋
101004616,農心 辛ラーメン キムチ 袋（ニチリウ）
101003583,農心ジャパン辛ラーメンキムチＣ（ニチリウ
101005680,農心ジャパン キムチサバル カップ ８６ｇ
101005569,農心ジャパン 辛ラーメン焼きそばチーズ袋 １３６ｇ
101005680,農心ジャパン キムチサバル カップ
903002021,農心ジャパン コリコレ鍋セット プデチゲ
903002023,農心Ｊ コリコレ鍋セット スンドゥブチゲ
101005144,農心 甘辛ヤンニョムチキンビビン麺カップ
101004421,農心ジャパン 辛ラーメン激辛Ｃ（ニチリウ
101005569,農心ジャパン 辛ラーメン焼きそばチーズ袋
101001960,農心 旨 激辛ラーメン
101005680,農心ジャパン キムチサバル
101000988,農心 旨 韓国ピリ辛ラーメン
101003045,農心 カムジャ麺１００ｇＸ４
101005144,農心 甘辛ヤンニョムチキンビビン麺 Ｃ
101004576,農心ジャパン ノグリラーメンマイルド５１２０ｇＸ５
101000491,農心 ＬＳ１００ 辛ラーメン １２０ｇＸ３
101005164,農心ジャパン 安城湯麺
101005378,農心ジャパン 辛ラーメン バケツ
101005378,農心ジャパン 辛ラーメン バケツ カップ
101003068,農心 ＨＡＬＡＬ 辛ラーメン
101000461,農心ジャパン 辛ラーメン １２０ｇ
101003042,農心ジャパン 辛ラーメン
101000461,農心ジャパン 辛ラーメン
101005164,農心ジャパン ダイソーＰＢ
101003042,農心 ＰＢ 辛ラーメン
101004617,農心 辛ラーメン キムチ 袋（ニチリウ１２０ｇＸ３
101000491,農心ジャパン
101000499,農心ジャパン ノグリラーメン
101000491,統計別商品（農心 食品（軽）処分費
101002078,農心　韓国コムタンラーメン　75g
101000491,農心 辛ラーメン　１２０ｇＸ３
101003583,農心ジャパン 辛ラーメン キムチ　カップ ６８ｇ
101004617,農心 辛ラーメン キムチ　１２０ｇＸ３
101005174,農心ジャパン 辛ラーメン焼きそば　カップ １０３ｇ
101003220,農心ジャパン カムジャ麺　袋 １００ｇ
101002560,農心 本場韓国コムタンラーメン　１１１ｇ
101003364,農心 旨辛海鮮ちゃんぽん　１３０ｇ
101003926,農心ジャパン 辛ラーメンブラック　１３０ｇ
101004575,農心ジャパン ノグリラーメン マイルド　１２０ｇ
102001400,農心　バナナキック
101004617,農心 辛ラーメン　キムチ １２０ｇＸ３
101003042,農心　辛ラーメン　68g
101000491,農心　辛ラーメン３食パック
101006160,農心　辛ラーメンスパイシーチキン
101006322,農心ジャパン イワシカルグクス ９８ｇ
102001277,オニオンリング 
102001400,バナナキック
102001248,ハニーツイスト
101000664,農心ジャパン いかチャンポン １２４ｇ
102001400,農心ジャパン　バナナキック
102001248,農心ジャパン　ハニーツイストスナック
101006160,農心 辛ラーメンスパイシーチキンバケツＣ １１４ｇ
101004633,＠農心 ふるる冷麺（ビビン冷麺） １５９ｇ
101004632,＠農心 ふるる冷麺（水冷麺） １５５ｇ
101005379,農心ジャパン 辛ラーメンブラックバケツ カップ
101006529,農心 新ふるる冷麺（水冷麺） １５５ｇ
101006531,農心 新ふるる冷麺（ビビン冷麺） １５９ｇ
102001248,ハニーツイストスナック
101006529,農心ジャパン Ｎ ふるる冷麺 ビビン冷麺 ９８ｇ
101006531,農心ジャパン Ｎふるる冷麺 水冷麺 ９８ｇ
101006278,農心ジャパン 辛ラーメンスパイシーチキン １２０ｇ
101003703,農心ジャパン 旨辛焼きちゃんぽん １３７ｇＸ４
101006587,農心ジャパン 辛ラーメン焼きそばバケツＣ １０５ｇ
101004632,＠農心 ふるる冷麺（水冷麺）
101006529,農心ジャパン Ｎ ふるる冷麺 ビビン冷麺 １５９ｇ
101006531,農心ジャパン Ｎふるる冷麺 水冷麺 １５５ｇ
101006509,農心ジャパン 辛ラーメン 焼きそば 袋 １３５ｇ
101006587,農心ジャパン 辛ラーメン焼きそばバケツＣ
101006278,農心ジャパン 辛ラーメンスパイシーチキン
101003068,農心ジャパン ＨＡＬＡＬ辛カップラーメン ６８ｇ
101006535,農心ジャパン ＨＡＬＡＬ 辛ラーメン
101005174,農心ジャパン 辛ラーメン焼きそば カップ　１０５ｇ
102001277,オニオンリング
101006529,農心ジャパン Ｎ ふるる冷麺 ビビン冷麺
101006531,農心ジャパン Ｎふるる冷麺 水冷麺
102001277,農心ジャパン オニオンリング
101006671,農心ジャパン 辛ラーメン トゥーンバ 袋 １３７ｇ
102001248,農心ジャパン ハニーツイスト
101006671,農心ジャパン 辛ラーメン トゥーンバ 袋
101006355,農心ジャパン 辛ラーメントムヤムクン味
101003042,農心ＪＰ ＬＳ１００ 辛Ｃラーメン辛すぎ ６８ｇ
101006671,農心Ｊ 辛ラーメン トゥーンバ バケツＣ １１３ｇ
101004617,農心 ＬＳ１００ 辛ラーメン キムチ １２０ｇＸ３
102001248,農心ジャパン　ハニーツイスト
102000556,農心ジャパン　辛いえびせん
101000491,くらしモア 辛ラーメン １２０ｇＸ３
101003583,くらしモア 辛ラーメン キムチカップ ６８ｇ
102001277,農心ジャパン　オニオンリング
101005379,農心ジャパン 辛ラーメンブラックバケツＣ １０１ｇ
903002262,農心 辛ラーメンで作るコリコレ プデチゲ １７６ｇ
903002263,農心 辛ラーメンで作るコリコレキムチチゲ １８３ｇ
102000556,辛いえびせん
101003042,農心Ｊ 特Ａ ＬＳ１００ 辛カップメン ６８ｇ
101003583,農心Ｊ 特Ａ ＬＳ１００辛ラーメンキムチ ６８ｇ
903002262,農心 辛ラーメンで作るコリコレ プデチゲ
903002263,農心 辛ラーメンで作るコリコレキムチチゲ
101005425,農心ジャパン　ベホンドンビビン麺
101006965,農心 辛ラーメン焼きそばバケツＣトムヤム １０３ｇ
101006278,農心ＬＳ１００辛ラーメンスパイシーチキン １２０ｇ
101002078,農心ＬＳ１００本場韓国コムタンラーメンＣ ７５ｇ
101004485,農心ジャパン カムジャ麺 バケツカップ
101003042,農心　辛ラーメンカップ
101002602,農心　辛ラーメン　ミニカップ　４９ｇ
903001930,農心ジャパン コリコレ鍋セット プデチゲ ２１０ｇ
903001931,農心Ｊ コリコレ鍋セット キムチチゲ ２１０ｇ
101005174,農心　辛ラーメン焼きそばカップ　１０３ｇ
903001930,農心ジャパン コリコレ鍋セット プデチゲ
903001932,農心Ｊ コリコレ鍋セットコチュジャンチゲ
903001931,農心Ｊ コリコレ鍋セット キムチチゲ
101002547,農心 本場韓国コムタンラーメン
102000556,農心ジャパン
101000461,農心 辛ラーメン
101000461,農心
101000491,農心
101004447,農心ジャパン 旨辛焼きちゃんぽん １３７ｇ
101000491,農心ジャパン マルエツＰＢ 辛ラーメン１２０ｇＸ３
101004616,農心 辛ラーメン キムチ
101002007,農心 ＬＳ１００ ユッケジャンラーメンＣ
101005016,農心 ＬＳ１００ ノグリラーメン カップ
101000664,農心ジャパン いかチャンポン
101005569,農心ジャパン 辛ラーメン焼きそば チーズ １３６ｇ
903002022,農心ジャパン コリコレ鍋セットキムチチゲ
102000556,農心　辛いえびせん　９０ｇ
101005569,農心　辛ラーメン焼きそばチーズ袋　１３６ｇ
101003925,農心ジャパン 辛ラーメンブラック１３０ｇＸ３
101002748,農心 本場韓国のりラーメン
901001584,ヘピョ 純正韓国ごま油
101005226,農心　辛ラーメン焼きそば　１３１ｇ
101005164,農心ジャパン Ｎ 安城湯麺
102000556,農心ジャパン　辛いえびせん　90ｇ
101006531,農心ジャパン Ｎ ふるる冷麺 ビビン冷麺 １５９ｇ
101006529,農心ジャパン Ｎふるる冷麺 水冷麺 １５５ｇ
101000461,農心 辛ラーメン 袋
101006694,農心Ｊ 辛ラーメン トゥーンバ バケツＣ １１３ｇ
101006355,農心 辛ラーメントムヤンクン味 バケツＣ １１７ｇ
101006509,農心ジャパン 辛ラーメン 焼きそば
101007070,農心Ｊもっちりノグリ韓国風海鮮味バケツＣ １０３ｇ
101006509,農心ジャパン 辛ラーメン 焼きそば 袋
101006355,農心 辛ラーメン焼きそばバケツＣトムヤム
101006278,農心ＬＳ１００辛ラーメンスパイシーチキン
101002078,農心ＬＳ１００本場韓国コムタンラーメンＣ
101007070,農心Ｊ もっちりノグリ 韓国風海鮮味 Ｃ １０３ｇ
101005529,農心 辛ラーメン焼きそばチーズ １０５Ｇ
101005144,農心ジャパン 甘辛ヤンニョムチキンビビン麺 １２２
101004881,農心ジャパン チャパグリカップ １１４Ｇ
101000499,農心ジャパン ノグリラーメン １２０Ｇ
101005174,農心ジャパン 辛ラーメン焼きそばカップ １０３Ｇ
101003042,農心ジャパン 辛カップラーメン ６８Ｇ
101005425,農心ジャパン ベホンドンビビン麺 １３６Ｇ
101005226,農心 辛ラーメン焼きそば 袋 １３１Ｇ
101003583,農心ジャパン 辛ラーメン キムチ カップ ６８Ｇ
101000551,農心 チャパゲティ １４０Ｇ
101003363,農心 チャーワン １３４Ｇ
101000491,農心 辛ラーメン ３食入 １２０Ｇ×３
101000461,農心 辛ラーメン 袋 １２０Ｇ
101005016,農心ジャパン ノグリラーメンカップ ６２Ｇ
101004421,農心ジャパン 辛ラーメン 激辛カップ ６８Ｇ
101004617,農心 辛ラーメンキムチ３個パック １２０Ｇ×３
101003925,農心ジャパン 辛ラーメンブラック ３Ｐ １３０Ｇ×
101003045,農心 カムジャ麺 ４食 １００Ｇ×４
101002547,農心 本場韓国コムタンラーメン３袋 ３３３Ｇ
101004575,農心ジャパン ノグリラーメンマイルド １２０Ｇ
101002007,農心 ユッケジャンラーメン ８６Ｇ
101002602,農心 辛ラーメンミニカップ ４９Ｇ
101005164,農心 安城湯麺 １２５Ｇ
101005164,安城湯麺
101004616,農心 辛ラーメン キムチ 袋 １２０Ｇ
101003220,農心 カムジャ麺 袋 １００Ｇ
101001977,農心 辛ラーメン５食 １２０Ｇ×５
101000664,農心 いかチャンポン １２４Ｇ
101000491,在庫処分補填 （軽減）
101003045,カムジャ麺
101005378,辛ラーメンバケツカップ１１４Ｇ
101006529,農心ジャパン ふるる冷麺 ビビン冷麺 １５９Ｇ
903002021,農心 コリコレ鍋セットプデチゲ ２００Ｇ
903002023,農心 コリコレ鍋Ｓスンドゥブチゲ ２１０Ｇ
903001991,農心ジャパン コリコレタッカルビ ２０７Ｇ
903001992,農心ジャパン コリコレ豚肉ポックム ２１４Ｇ
101000491,農心 その他全品（軽減）
101005144,農心ジャパン 甘辛ヤンニョムチキンビビン麺
101005569,農心 辛ラーメンチーズ焼そば １３６Ｇ
903002022,農心 コリコレ鍋セットキムチチゲ ２１０Ｇ
101005680,農心 キムチサバル麺 ８６Ｇ
101000491,農心 辛ラーメン ３食入
101004881,農心ジャパン チャパグリカップ
101004576,農心ジャパン ノグリラーメンマイルド５Ｐ １２０Ｇ
101005378,農心 辛ラーメン バケツ カップ １１４Ｇ
102001400,農心 バナナキック ４５Ｇ
101003926,農心ジャパン 辛ラーメンブラック １３０Ｇ
101005164,安城湯麺 １２５Ｇ
101001977,辛ラーメン５食 １２０Ｇ×５
101000491,辛ラーメン ３食入 １２０Ｇ×３
901001584,農心 韓国ごま油 １００Ｇ
101003291,農心 旨海鮮ちゃんぽん ４袋 ５２０Ｇ
102001248,農心 ハニーツイストスナック ７５Ｇ
102001277,農心 オニオンリング ５０Ｇ
101005174,農心ジャパン 辛ラーメン焼きそばカップ
101000551,農心　チャパゲティ　１４０Ｇ
101003363,農心　チャーワン　１３４Ｇ
101000491,農心　辛ラーメン　３食入１２０Ｇ
101003045,農心　カムジャ麺　４食　１００Ｇ×４
101000491,農心　辛ラーメン　３食　１２０Ｇ×３
101000491,拡売費
101006322,農心 イワシカルグクス ９８Ｇ
101004447,農心ジャパン 旨辛焼きちゃんぽん １３７Ｇ
101000551,チャパゲティ １４０Ｇ
101003363,チャーワン １３４Ｇ
101004617,辛ラーメンキムチ３個パック １２０Ｇ×３
101006160,農心 スパイシーチキンカップ １１４Ｇ
101006587,農心 辛ラーメン焼きそばカップ １０５Ｇ
101006278,農心ジャパン 辛ラーメンスパイシーチキン袋 １２０
101006509,農心 辛ラーメン焼きそば 袋 １３５Ｇ
101006531,農心 ふるる冷麺 水冷麺 １５５Ｇ
101006531,農心 Ｎふるる冷麺 水冷麺 １５５Ｇ
101006278,農心ジャパン 辛ラーメンスパイシーチキン袋
101004616,農心 辛ラーメンキムチ袋　１２０ｇ
101003703,農心 旨辛焼きちゃんぽん １３７Ｇ×４
101004485,農心ジャパン カムジャ麺 カップ ９０Ｇ
101006694,農心ジャパン 辛ラーメン トゥーンバカップ １１３
101002602,辛ラーメンミニカップ ４９Ｇ
101006509,辛ラーメン焼きそば 袋 １３５Ｇ
101006671,農心 辛ラーメントゥーンバ １３７Ｇ
101004616,農心 辛ラーメンキムチ 袋 １２０Ｇ
101000551,農心　チャパゲティ １４０Ｇ
101003363,農心　チャーワン １３４Ｇ
101002078,農心　本場韓国コムタンラーメン ７５Ｇ
101000491,農心　辛ラーメン ３食入 １２０Ｇ×３
101002602,農心　辛ラーメンミニカップ ４９Ｇ
101006509,農心　辛ラーメン焼きそば　袋
101006671,農心　辛ラーメントゥーンバ　１３７Ｇ
903002263,農心ジャパン 辛ラーコリコレ キムチチゲ １８３Ｇ
903002262,農心ジャパン 辛ラーで作るコリコレプデチゲ １７６
101005164,農心　安城湯麺　１２５Ｇ
101006355,農心 辛バケツトムヤンクン味 １１７Ｇ
102001277,農心　オニオンリング ５０Ｇ
102001248,農心　ハニーツイストスナック
101005164,農心　安城湯麺 １２５Ｇ
101001977,農心　辛ラーメン５食 １２０Ｇ×５
101005130,Ａｎｇｒｙチャパグリカップ
101005130,Ａｎｇｒｙチャパグリカップ １１４ｇ
101000664,いかチャンポン １２４ｇ
101003045,カムジャ麺 袋４Ｐ
101003045,カムジャ麺 袋４Ｐ １００ｇ×４
101003220,カムジャ麺（袋）
101003220,カムジャ麺（袋） １００ｇ
903001932,コリコレ鍋コチュジャンチゲ ２４０ｇ
903002021,コリコレ鍋セット
903002022,コリコレ鍋セット キムチチゲ２１０ｇ
903002021,コリコレ鍋セット プデチゲ ２１０ｇ
101003363,チャーワン
101003363,チャーワン １３４ｇ
101004881,チャパグリカップ
101004881,チャパグリカップ １１４ｇ
101000551,チャパゲティ
101000551,チャパゲティ １４０ｇ
101000499,ノグリラーメン 日本語版
101000499,ノグリラーメン 日本語版 袋１２０ｇ
101004575,ノグリラーメンマイルド
101004575,ノグリラーメンマイルド １２０ｇ
101005149,ノグリ旨辛焼きちゃんぽん
101005149,ノグリ旨辛焼きちゃんぽん １１０ｇ
102001400,バナナキック ４５ｇ
101004633,ふるる冷麺（ビビン冷麺）
101002007,ユッケジャンラーメンカップ
101002007,ユッケジャンラーメンカップ ８６ｇ
101005164,安城湯麺４０入
101005164,安城湯麺４０入 １２５ｇ
101005144,甘辛ヤンニョムチキンビビン麺１２２ｇ
101001960,旨 激辛ラーメン
101001960,旨 激辛ラーメン ６５ｇ
101003364,旨辛海鮮ちゃんぽん
101003364,旨辛海鮮ちゃんぽん １３０ｇ
101004447,旨辛焼きちゃんぽん１Ｐ
101004447,旨辛焼きちゃんぽん１Ｐ １３７ｇ
102000556,辛いえびせんスナック ９０ｇ
101000461,辛らーめん １２０ｇ
101000491,辛ラーメン １２０ｇ×３
101000491,辛ラーメン ３Ｐ １２０ｇ×３
101004421,辛ラーメン 激辛 ６８ｇ
101000491,辛ラーメン ３食＋１食 袋 １２０ｇ×４
101002602,辛ラーメン ミニカップ
101002602,辛ラーメン ミニカップ ４９ｇ
101004421,辛ラーメン 激辛
101003042,辛ラーメンカップ
101003042,辛ラーメンカップ ６８ｇ
101004616,辛ラーメンキムチ 袋
101004616,辛ラーメンキムチ 袋 １２０ｇ
101003583,辛ラーメンキムチカップ ６８ｇ
101004617,辛ラーメンキムチ袋
101004617,辛ラーメンキムチ袋 ３Ｐ
101004617,辛ラーメンキムチ袋 ３Ｐ １２０ｇ×３
101005378,辛ラーメンバケツカップ
101003926,辛ラーメンブラック
101003926,辛ラーメンブラック １３０ｇ
101003925,辛ラーメンブラック３食
101005174,辛ラーメン焼きそばカップ
101005174,辛ラーメン焼きそばカップ １０３ｇ
101005226,辛ラーメン焼きそば袋
101000461,農心辛ラーメン（袋）
101000461,農心辛ラーメン（袋） １２０ｇ
101002560,本場韓国コムタンラーメン
101002078,本場韓国コムタンラーメン ７５ｇ
101002560,本場韓国コムタンラーメン 袋１１１ｇ
101002547,本場韓国コムタン袋 ３Ｐ ３３３ｇ
101004632,ふるる冷麺（水冷麺） １５５ｇ
101001977,辛ラーメン ５Ｐ 袋
101004632,ふるる冷麺（水冷麺）
101000988,韓国ピリ辛ラーメン
903002021,コリコレ鍋セット プデチゲ
903001932,コリコレ鍋コチュジャンチゲ
101004886,Ａｎｇｒｙノグリラーメン １２１ｇ
101003925,辛ラーメンブラック３食 １３０ｇ×３
101002547,本場韓国コムタン袋 ３Ｐ
101004633,ふるる冷麺（ビビン冷麺） １５９ｇ
101005016,ノグリラーメンカップ
101001977,辛ラーメン ５Ｐ 袋 ６００ｇ
101000491,その他（雑口）
101000491,その他（雑口） ．
101000491,その他メーカー（雑口）
101000491,その他雑口
101005364,ノグリラーメンバケツカップ
101005364,ノグリラーメンバケツカップ １１４ｇ
101000988,韓国ピリ辛ラーメン ６５ｇ
101004447,旨辛焼きちゃんぽん
102000556,辛いえびせんスナック
101002748,本場韓国のりラーメン
101000461,辛らーめん
101003042,辛カップラーメン ６８ｇ
101005378,辛ラーメンバケツカップ １１４ｇ
101002748,本場韓国のりラーメン ７５ｇ
101005293,チャパゲティカップ
101005016,ノグリラーメンカップ ６２ｇ
101001977,辛ラーメン ５Ｐ
101005425,ベホンドンビビン麺１Ｐ
903001991,コリコレ鉄板タッカルビ
903001992,コリコレ豚肉ポックム
903001991,コリコレ鉄板タッカルビ ２０７ｇ
903001992,コリコレ豚肉ポックム ２１４ｇ
101005425,ベホンドンビビン麺１Ｐ １３６ｇ
101000664,いかチャンポン
101004576,ノグリラーメンマイルド５Ｐ
101005379,辛ラーメンブラックバケツ
101005529,辛ラーメン焼きそばチーズ
101005529,辛ラーメン焼きそばチーズ １０５ｇ
101005569,辛ラーメン焼きそばチーズ袋 １３６ｇ
101005569,辛ラーメン焼きそばチーズ袋
903002021,コリコレ鍋セットプデチゲ ２００ｇ
903002022,コリコレ鍋セットキムチチゲ ２１０ｇ
903002023,コリコレ鍋セットスンドゥブ ２１０ｇ
903002021,コリコレ鍋セットプデチゲ
903002022,コリコレ鍋セットキムチチゲ
903002023,コリコレ鍋セットスンドゥブ
101005680,キムチサバルカップ ８６ｇ
101005680,キムチサバルカップ
101003291,旨辛海鮮ちゃんぽん１３０ｇ×４
101002078,本場韓国コムタンラーメン７５ｇ
101003703,旨辛焼きちゃんぽん １３７ｇ×４
101004576,ノグリラーメンマイルド５Ｐ １２０ｇ×５
101006160,シンラーメンバケツＳＰチキン１１４ｇ
101002602,農心　辛ラーメン　ミニカップ ４９ｇ
101003042,農心　辛ラーメン　カップ ６８ｇ
101003045,農心　カムジャ麺　４食 ４００ｇ
101003583,農心　辛ラーメンキムチ ６８ｇ
101004421,辛ラーメン激辛カップ ６８ｇ
101004617,辛ラーメンキムチ ３食入
101005174,辛ラーメン　焼きそばカップ １０３ｇ
101005529,辛ラーメンチーズ焼きそばカップ １０５ｇ
101000491,農心　辛ラーメン ３食
101000499,農心　ノグリラーメン１食 １２０ｇ
101000551,農心　チャパゲティー１食 １４０ｇ
101006322,イワシカルグクス
101006160,辛ラーメンバケツスパイシーチキン味
101002560,本場韓国コムタンラーメン　袋１１１ｇ
101002078,本場韓国コムタンラーメン　７５ｇ
101006531,Ｎふるる冷麺（水冷麺） １５５ｇ
101006531,Ｎふるる冷麺（水冷麺）
101003925,辛ラーメンブラック ３食
101006587,辛ラーメン焼きそばカップ １０５ｇ
101006529,農心　ふるる冷麺　ビビン麺 １５９ｇ
101006278,辛ラーメンスパイシーチキン袋１２０ｇ
101006509,辛ラーメン焼きそば袋 １３５ｇ
101006529,Ｎふるる冷麺（ビビン冷麺）
101004575,ノグリラーメンマイルド1Ｐ
101006509,N 辛ラーメン焼きそば袋 １３５ｇ
101006355,辛ラーメントムヤンクンバケツ１１７ｇ
101006671,辛ラーメントゥーンバ袋 １３７ｇ
101006671,辛ラーメントゥーンバ袋
101006355,辛ラーメンバケツカップトムヤムクン味
101006355,辛ラーメン焼そばＢＣトムヤム１０３ｇ
101007070,ノグリバケツカップ韓国風海鮮１０３ｇ
903002263,辛ラーメンコリコレキムチチゲ１８３ｇ
903002262,辛ラーメンコリコレ プデチゲ１７６ｇ
101007071,辛ラーメンブラックカップ
101006965,辛ラーメン焼きそばカップ トムヤムクン
903001930,コリコレ鍋セット
903001931,コリコレ鍋セット キムチチゲ２１０ｇ
903001930,コリコレ鍋セット プデチゲ ２１０ｇ
101000491,辛ラーメン
903001930,コリコレ鍋セット プデチゲ
101004056,スパイシーノグボナーラ
101005293,チャパゲティカップ １１４ｇ
101000491,その他雑口 １
101000491,辛ラーメン３Ｐ
101000491,辛ラーメン３Ｐ ケース ３６０×１２
101003291,旨辛海鮮ちゃんぽん １３０ｇ×４
101006322,イワシカルグクス ９８ｇ
101004616,辛ラーメンキムチ
101005378,辛ラーメンブラックバケツ １０１ｇ
101005420,べホンドンビビン麺 ４Ｐ
101006529,Ｎふるる冷麺（ビビン冷麺） １５９ｇ
101000461,辛ラーメン １食
101006965,辛ラーメン焼そばＢＣトムヤム１０３ｇ
101003925,辛ラーメンＢＬＡＣＫ３食入り１３０ｇ×３
101004616,辛ラーメンキムチ１食
101007071,辛ラーメンブラックカップ １０１ｇ
101004485,カムジャ麺バケツカップ ９０ｇ
101004617,農心 辛ラーメンキムチ3個パック 120GX3
101003042,農心ジャパン 辛カップラーメン 68G
101000461,農心辛ラーメン 袋 120G
101004616,農心 辛ラーメン キムチ 袋 120G
101000461,農心 辛ラーメン 袋 120G
101000491,農心辛ラーメン 3食入 120GX3
101003364,農心　旨辛海鮮ちゃんぽん 130G
101003220,農心　カムジャ麺 100G
101003045,農心　カムジャ麺４食 400G
101003045,農心　カムジャ麺４食 400G 
101003583,農心　辛ラーメンキムチカップ 68G
101003363,農心　チャーワン 134G
101000664,農心　いかチャンポン 124G
101000499,農心　ノグリラーメン 120G
102000556,農心　辛いえびせん 90G
101003042,農心　辛カップラーメン 68G
101003926,農心　辛ラーメンブラック 130G
101000461,農心　辛ラーメン袋 120G
101000491,農心　辛ラーメン３食 360G
101001977,農心　辛ラーメン５食 600G
101003925,農心　辛ラーメンブラック３食 130GX3
101002602,農心　辛ラーメンミニカップ 49G
101000988,農心　旨韓国ピリ辛ラーメン 65G
101001960,農心　旨激辛ラーメン 65G
101002078,農心　本場韓国コムタンラーメン 75G
101002560,農心　本場韓国コムタンラーメン袋 111G
101002547,農心　本場韓国コムタンラーメン３ 333G 
101002748,農心　韓国のりラーメン 75G 
101004421,農心　辛ラーメン激辛カップ 68G
101004056,農心　スパイシーノグボナーラ 134G
101004632,農心　ふるる冷麺水冷麺 155G
101004633,農心　ふるる冷麺ビビン冷麺 159G
101004616,農心　辛ラーメンキムチ袋 120G
101004617,農心　辛ラーメンキムチ３食 360G
101004575,農心　ノグリラーメンマイルド 120G
101004881,農心　チャパグリカップ 114G
101000491,１１月 130G
101005144,農心　甘辛ヤンニョムチキンビビン 122G
101005149,農心　ノグリ旨辛焼ちゃんぽんＣ 110G
101005130,農心　ＡＮＧＲＹチャパグリカップ 114G
101005174,農心　辛ラーメン焼きそばカップ 103G
101005016,農心　ノグリラーメンカップ 62G
101005226,農心　辛ラーメン焼きそば袋 131G
101002007,農心　ユッケジャンラーメン 86G
101004447,農心　旨辛焼きちゃんぽん 137G
903001930,農心　コリコレ鍋セットプデチゲ 210G
903001931,農心　コリコレ鍋セットキムチチゲ 210G
903001932,農心　コリコレ鍋コチュジャンチゲ 240G
102001400,農心　バナナキック 45G
101000491,新規導入 155G
101005425,農心　ベホンドンビビン麺 136G
903001991,農心　コリコレ鉄板タッカルビ 207G
903001992,農心　コリコレ豚肉ポックム 214G
101005529,農心　辛ラーメン焼そばチーズＣ 105G
101005569,農心　辛ラーメン焼そばチーズ袋 136G
101005680,農心　キムチサバル麺カップ 86G
101005164,農心　安城湯麺 125G
101005378,農心　辛ラーメンバケツカップ 114G
903002022,農心　コリコレ鍋Ｓキムチチゲ 210G
101006671,農心　辛ラーメントゥーンバ袋 137G
101006509,農心　辛ラーメン焼きそば袋 135G
101007071,農心　辛ラーメンブラックカップ 101G
903002263,農心　辛拉麺作コリコレキムチチゲ 183G
903002262,農心　辛拉麺作コリコレプデチゲ 176G
101004485,農心　カムジャ麺バケツカップ 90G
101006587,農心　辛ラーメン焼きそばカップ 105G
101006160,農心　辛ラーメンスパイシーチキン 114G
101005379,農心　辛ラーメンブラックバケツＣ 101G
101003291,農心　旨辛海鮮ちゃんぽん 130GX4
102001277,農心　オニオンリング 50G
102001248,農心　ハニーツイスト 75G
101003703,農心　旨辛焼きちゃんぽん 137GX4
101002547,農心　本場韓国コムタンラーメン３ 333G
101002748,農心　韓国のりラーメン 75G
101004576,農心　ノグリラーメンマイルド５食 600G
101004886,農心　ＡＮＧＲＹノグリ 121G
101004632,農心　ふるる冷麺水冷麺 161G
101004633,農心　ふるる冷麺ビビン冷麺 162G
101005420,農心　ベホンドンビビン麺４食 544G
903002023,農心　コリコレ鍋Ｓスンドゥブチゲ 210G
903002021,農心　コリコレ鍋Ｓプデチゲ 200G
101006322,農心　イワシカルグクス 98
101006278,農心　辛ラーメンスパイシチキン袋 120G
101006531,農心　ふるる冷麺水冷麺 155G
101006529,農心　ふるる冷麺ビビン冷麺 159G
101006965,農心　辛焼きそばＣトムヤムクン味 103G
101007070,農心　ノグリバケツＣ韓国風海鮮 103G
101003364,農心海鮮ちゃんぽん 130g
102001277,農心ｵﾆｵﾝﾘﾝｸﾞ 50g
101003220,農心カムジャ麺 100g
101003583,農心辛ﾗｰﾒﾝｷﾑﾁｶｯﾌﾟ 68g
101003363,農心チャーワン 134g
101000551,農心ﾁｬﾊﾟｹﾞｯﾃｨ 140g
101000664,農心 いかチャンポン 124g
101000499,農心ﾉｸﾞﾘﾗｰﾒﾝ 120g
102001248,ﾊﾆｰﾂｲｽﾄ 75g
101004447,農心旨辛焼ちゃんぽん137g
102000556,辛いえびせん 90g
101003042,農心 NEW辛ﾗｰﾒﾝｶｯﾌﾟ 68g
101000491,ﾉｳｼﾝ 辛ラーメン３食
101003925,辛ﾗｰﾒﾝBLACK３食
101002602,辛ﾗｰﾒﾝ ﾐﾆｶｯﾌﾟ 49g
101001960,農心 旨激辛ﾗｰﾒﾝ 65g
101002560,農心ｺﾑﾀﾝﾗｰﾒﾝ 111g
101004056,農心ｽﾊﾟｲｼｰﾉｸﾞﾎﾞﾅｰﾗ 134g
101004617,辛ラーメンキムチ３食
101004632,濃心 ふるる冷麺水冷麺155g
101004633,濃心 ふるる冷麺ﾋﾞﾋﾞﾝ麺159g
101004421,辛ラーメン激辛　68g
101004575,農心ﾉｸﾞﾘｳﾄﾞﾝﾏｲﾙﾄﾞ120g袋
101005164,農心安城湯麺袋125g
102001400,農心ﾊﾞﾅﾅｷｯｸ 45g
101004881,農心ﾁｬﾊﾟｸﾞﾘ大盛ｶｯﾌﾟ114g
101004886,農心ANGRYﾉｸﾞﾘ 121g
101005016,ﾉｸﾞﾘﾗｰﾒﾝｶｯﾌﾟ 62g
101005144,ﾉｸﾞﾘ甘辛ﾔﾝﾆｮﾑﾁｷﾝｶｯﾌﾟ122g
101005174,辛ラーメン焼きそば 103g
903001930,農心ｺﾘｺﾚ鍋ｾｯﾄﾌﾟﾃﾞﾁｹﾞ210g
903001932,農心ｺﾘｺﾚ鍋ｾｯﾄｺﾁｭｼﾞｬﾝﾁｹﾞ240g
903001931,農心ｺﾘｺﾚ鍋ｾｯﾄｷﾑﾁﾁｹﾞ210g
101002007,農心ﾕｯｹｼﾞｬﾝﾗｰﾒﾝｶｯﾌﾟ86g
101005529,辛ﾗｰﾒﾝ焼そばﾁｰｽﾞｶｯﾌﾟ105g
903002021,農心ｺﾘｺﾚ鍋ｾｯﾄ ﾌﾟﾁﾁｹﾞ 200g
903002022,農心ｺﾘｺﾚ鍋ｾｯﾄｷﾑﾁﾁｹﾞ210g
903002023,農心ｺﾘｺﾚ鍋ｾｯﾄｽﾝﾄﾞｩﾌﾞﾁｹﾞ 210g
101005378,辛ﾗｰﾒﾝﾊﾞｹﾂｶｯﾌﾟ 114g
101006671,辛ﾗｰﾒﾝﾄｩｰﾝﾊﾞ 137g
101005379,辛ﾗｰﾒﾝﾌﾞﾗｯｸ ﾊﾞｹﾂｶｯﾌﾟ101g
101004485,農辛ｶﾑｼﾞｬ麺ﾊﾞｹﾂｶｯﾌﾟ90g
101006355,辛ﾗｰﾒﾝﾊﾞｹﾂｶｯﾌﾟﾄﾑﾔﾝｸﾝ117g
101007070,農心ﾉｸﾞﾘﾊﾞｹﾂｶｯﾌﾟ韓国風海鮮味103g
101006965,辛ﾗｰﾒﾝﾔｷｿﾊﾞｶｯﾌﾟﾄﾑﾔﾑｸﾝ味103g
101006587,辛ﾗｰﾒﾝ焼そば ｶｯﾌﾟ 105g
101006278,辛ﾗｰﾒﾝｽﾊﾟｲｼｰﾁｷﾝ味 120g
