대표슈퍼코드,대표슈퍼명,판매처코드,판매처명
6000015,■有限会社木村屋,1301397,ユアサ・フナショク株式会社千葉支店
6000104,■株式会社千葉薬品　,1300008,加藤産業株式会社東関東支社千葉支店
6000131,■株式会社京成ストア　,1301373,株式会社日本アクセス千葉支店
6000181,■株式会社くすりの福太郎,1300056,旭食品株式会社首都圏支店
6000185,■Ａコープ,1301657,三井物産流通Ｇ（株）三井食品ユニット首都圏中央営業4室関信越
6000193,■株式会社おおたや　,1301397,ユアサ・フナショク株式会社千葉支店
6000204,■株式会社尾張屋,1300008,加藤産業株式会社東関東支社千葉支店
6000210,■株式会社カワグチ,1301336,ユアサ・フナショク株式会社松戸支店
6000214,■株式会社ケーヨー　,1301336,ユアサ・フナショク株式会社松戸支店
6000278,■株式会社ワイズマート,1301336,ユアサ・フナショク株式会社松戸支店
6000280,■株式会社ドン・キホーテ,1300008,加藤産業株式会社東関東支社千葉支店
6000295,■株式会社三和（おっ母さん）,1301336,ユアサ・フナショク株式会社松戸支店
6000299,■株式会社木田屋商店,1301336,ユアサ・フナショク株式会社松戸支店
6000303,■ユアサ・フナショク株式会社その他,1300001,ユアサ・フナショク株式会社東京支店
6000323,■株式会社やましろや,1300073,ボーキ佐藤株式会社群馬営業所
6000325,■株式会社万寿屋,1300824,国分関信越株式会社群馬支社
6000329,■株式会社武田食品,1301396,ユアサ・フナショク株式会社埼玉支店
6000336,■株式会社ビッグヨーサン,1300056,旭食品株式会社首都圏支店
6000355,■株式会社ウィズ,1301395,ユアサ・フナショク株式会社旭支店
6000369,■株式会社セイミヤ,1301395,ユアサ・フナショク株式会社旭支店
6000385,■株式会社エービン,1301395,ユアサ・フナショク株式会社旭支店
6000388,■株式会社マルゲン,1301397,ユアサ・フナショク株式会社千葉支店
6000389,■株式会社ヤマイチ,1301373,株式会社日本アクセス千葉支店
6000417,■オーケー株式会社,1300088,三菱食品株式会社営業第二本部神奈川エリアオフィス
6000492,■株式会社ベルーフ,1300072,ボーキ佐藤株式会社北関東支店
6000493,■株式会社アブアブ赤札堂,1300044,三井物産流通G（株）首都圏支社東京営業部営業第一室
6000495,■株式会社さえき,1300168,国分関信越株式会社茨城支社
6000496,■株式会社山梨さえき,1300119,株式会社日本アクセス東京西支店
6000522,■株式会社二木,1300009,加藤産業株式会社東関東支社足立支店
6000524,■株式会社マルエイ（新鮮市場）,1300015,加藤産業株式会社北関東支社埼玉支店
6000525,■株式会社マルマンストア,1301908,株式会社サンヨー堂東京東支店
6000549,■カネカ水産株式会社,1300058,旭食品株式会社関東支店
6000576,■株式会社越前屋,1300029,今津株式会社
6000578,■株式会社スーパー王子,1300011,加藤産業株式会社北近畿支社北大阪支店
6000579,■株式会社関西スーパーマーケット,1300029,今津株式会社
6000581,■株式会社カノー,1300029,今津株式会社
6000584,■協和商事株式会社,1300077,株式会社大物
6000589,■株式会社スーパーことぶき,1300029,今津株式会社
6000593,■佐竹食品株式会社,1300029,今津株式会社
6000594,■株式会社サンディ,1301615,旭食品株式会社中国支店
6000595,■株式会社山陽マルナカ,1300025,加藤産業株式会社中四国支社岡山支店
6000596,■上新電機株式会社,1300029,今津株式会社
6000600,■株式会社スーパー玉出,1300077,株式会社大物
6000601,■大平株式会社,1300136,株式会社サンヨー堂大阪支店
6000604,■株式会社ハッピーテラダ,1300010,加藤産業株式会社北近畿支社京都支店
6000606,■株式会社天満屋,1301675,三菱食品（株）中四国支社営業グループ岡山ユニット
6000608,■株式会社トライアルカンパニー,1301629,旭食品株式会社名古屋支店
6000610,■株式会社楠公シャル,1300053,旭食品株式会社大阪北支店
6000614,■株式会社パリヤ,1302019,三菱食品株式会社関西支社営業第四部
6000615,■株式会社パルヤマト,1300029,今津株式会社
6000625,■株式会社本峰商店,1300029,今津株式会社
6000627,■株式会社プラデス・マルトミ,1300029,今津株式会社
6000630,■株式会社マツヤスーパー,1300029,今津株式会社
6000632,■株式会社万代,1300029,今津株式会社
6000635,■株式会社三杉屋　,1300029,今津株式会社
6000637,■株式会社八百彦商店,1300029,今津株式会社
6000752,■ＡＮＣ関西株式会社サンキョー,1301624,旭食品株式会社和歌山支店
6000753,■ＡＮＣ関西株式会社なかむら,1301625,旭食品株式会社京都支店
6000754,■ＡＮＣ関西株式会社にしがき,1301625,旭食品株式会社京都支店
6000760,■株式会社土佐山田ＳＣ,1300050,旭食品株式会社中四国支社高知支店
6000765,■ＴＳＫマート株式会社,1305013,旭食品株式会社大阪支店
6000766,■アクト中食株式会社(業務用食品スーパー),1302036,国分西日本株式会社山陰支店
6000768,■エビス食品企業組合,1300059,旭食品株式会社四国支店
6000769,■えぷろんフーズ株式会社,1300062,伊藤忠食品株式会社東海営業本部
6000774,■こうち生活協同組合,1300050,旭食品株式会社中四国支社高知支店
6000779,■シミズ薬品株式会社,1301360,三菱食品株式会社関西支社営業第三部
6000789,■ヒラキ株式会社,1300019,加藤産業株式会社西近畿支社神姫支店
6000792,■フォーレスト株式会社,1300058,旭食品株式会社関東支店
6000796,■マルスフードショップ株式会社,1300062,伊藤忠食品株式会社東海営業本部
6000800,■リカオー株式会社,1301610,旭食品株式会社徳島支店
6000808,■株式会社ＪＡ岡山,1300025,加藤産業株式会社中四国支社岡山支店
6000811,■株式会社アートタウン香里,1300029,今津株式会社
6000812,■株式会社アカシヤ(大阪),1305013,旭食品株式会社大阪支店
6000813,■株式会社あがた,1300028,加藤産業株式会社中四国支社広島支店
6000815,■株式会社アスク,1303283,国分Ｇ本社株式会社ＦＳ事業部
6000816,■株式会社アスティ,1300028,加藤産業株式会社中四国支社広島支店
6000818,■株式会社いさみ屋,1300058,旭食品株式会社関東支店
6000819,■株式会社イマムラ,1301625,旭食品株式会社京都支店
6000822,■株式会社エイヴイ,1300056,旭食品株式会社首都圏支店
6000823,■株式会社エースワン,1300050,旭食品株式会社中四国支社高知支店
6000824,■株式会社エムジー,1301625,旭食品株式会社京都支店
6000827,■株式会社カスミ,1300168,国分関信越株式会社茨城支社
6000829,■株式会社かとりストアー,1301951,加藤産業株式会社九州支社長崎支店
6000831,■株式会社カメガヤ,1300056,旭食品株式会社首都圏支店
6000833,■株式会社きくや酒店,1301372,株式会社日本アクセス仙台支店
6000836,■株式会社キタムラ,1300056,旭食品株式会社首都圏支店
6000838,■株式会社きむら,1301615,旭食品株式会社中国支店
6000839,■株式会社キョーエイ,1301685,三菱食品（株）中四国支社四国支店営業ユニット
6000842,■株式会社キンブル,1300022,加藤産業株式会社中部支社名古屋支店
6000845,■株式会社ケイポートドラッグマート,1301336,ユアサ・フナショク株式会社松戸支店
6000846,■株式会社ココスナカムラ,1300058,旭食品株式会社関東支店
6000847,■株式会社ころくや,1300058,旭食品株式会社関東支店
6000851,■株式会社サカイヤ,1300004,加藤産業株式会社南関東支社湘南支店
6000853,■有限会社かまだ,1300053,旭食品株式会社大阪北支店
6000854,■株式会社サンアイ,1301421,国分北海道株式会社
6000856,■株式会社サンシャインチェーン本部,1300050,旭食品株式会社中四国支社高知支店
6000860,■株式会社サンマートサカイ,1301629,旭食品株式会社名古屋支店
6000862,■株式会社ジェイエイ越智今治,1300028,加藤産業株式会社中四国支社広島支店
6000863,■株式会社シュフカワカミ,1300029,今津株式会社
6000870,■株式会社スーパーキタムラ,1300056,旭食品株式会社首都圏支店
6000872,■株式会社スエヒロコーポレーション,1300052,旭食品株式会社大阪南支店
6000875,■株式会社ストックスーパーサンコー,1303189,ヤマエ久野株式会社大阪支店食品課
6000876,■株式会社スパーク,1301674,三菱食品株式会社中四国支社加食営業部
6000878,■株式会社ぜにや,1300170,国分中部株式会社伊勢支店
6000879,■株式会社セブン,1301610,旭食品株式会社徳島支店
6000880,■株式会社セブンスター,1300055,旭食品株式会社松山支店
6000882,■株式会社セルフのフルセ,1300077,株式会社大物
6000883,■株式会社そごうマート,1301609,旭食品株式会社松山支店新居浜営業所
6000884,■株式会社ダイキョウ,1300077,株式会社大物
6000885,■株式会社ダイコク,1301615,旭食品株式会社中国支店
6000891,■株式会社ツカサ,1300056,旭食品株式会社首都圏支店
6000892,■株式会社ディリーヤマザキ,1303006,三菱食品株式会社ＣＶＳ本部
6000894,■株式会社トーエイ,1300033,藤徳物産株式会社福山支店
6000896,■株式会社とよはた,1300125,株式会社日本アクセス名古屋支店
6000897,■株式会社ドラッグ・アーバン,1302935,旭食品株式会社中四国支社九州中央支店
6000898,■株式会社とれとれ市場,1300006,加藤産業株式会社九州支社福岡支店
6000900,■株式会社ながやま,1301658,三井物産流通グループ株式会社九州支社広域営業室
6000902,■株式会社ナンコクスーパー,1300050,旭食品株式会社中四国支社高知支店
6000906,■株式会社ノムラストアー,1301614,旭食品株式会社広島支店
6000907,■株式会社ツルハグループドラッグ＆ファーマシー西日本　　,1301614,旭食品株式会社広島支店
6000908,■株式会社ハートフレンド,1301625,旭食品株式会社京都支店
6000909,■株式会社ハズイ食料品店,1301625,旭食品株式会社京都支店
6000913,■株式会社パルパ,1301614,旭食品株式会社広島支店
6000915,■株式会社ヒーロー(茨城),1300058,旭食品株式会社関東支店
6000916,■株式会社ヒダカヤ,1301624,旭食品株式会社和歌山支店
6000917,■株式会社ビッグナラ,1301625,旭食品株式会社京都支店
6000935,■株式会社マルサンシステム,1300058,旭食品株式会社関東支店
6000936,■株式会社マルシゲ,1301625,旭食品株式会社京都支店
6000938,■株式会社マルナカ(香川),1301803,加藤産業株式会社南近畿支社阪和支店
6000939,■株式会社マルワ渡辺水産,1301616,*旭食品株式会社境港支店
6000943,■株式会社ヤオキスーパー,1301629,旭食品株式会社名古屋支店
6000944,■株式会社ヤオミ,1300095,三菱食品株式会社中部支社営業部
6000946,■株式会社ヤマタ,1301804,加藤産業株式会社南近畿支社阪南支店
6000948,■株式会社ユアーズ,1301614,旭食品株式会社広島支店
6000954,■株式会社よどや,1300050,旭食品株式会社中四国支社高知支店
6000956,■株式会社リバティ長岡,1300077,株式会社大物
6000958,■株式会社ロピア,1303189,ヤマエ久野株式会社大阪支店食品課
6000960,■株式会社ワタナベストアー,1301336,ユアサ・フナショク株式会社松戸支店
6000965,■株式会社荏原屋,1300003,加藤産業株式会社南関東支社南東京支店
6000967,■株式会社音通エフ・リテール,1303189,ヤマエ久野株式会社大阪支店食品課
6000969,■株式会社灰吹屋薬局,1300056,旭食品株式会社首都圏支店
6000970,■株式会社丸久,1300049,国分西日本株式会社山口支店
6000971,■株式会社丸合,1301616,*旭食品株式会社境港支店
6000978,■株式会社ローソンストア100,1301380,国分首都圏株式会社SM・生協営業部
6000987,■株式会社サンヨネ,1303013,三井物産流通グループ株式会社中部支社中部営業部
6000988,■株式会社三豊,1300011,加藤産業株式会社北近畿支社北大阪支店
6000992,■株式会社山信商店,1300062,伊藤忠食品株式会社東海営業本部
6000993,■株式会社山彦,1300062,伊藤忠食品株式会社東海営業本部
6000994,■株式会社山本酒店,1301803,加藤産業株式会社南近畿支社阪和支店
6000999,■株式会社小林食品,1300189,コゲツ産業（株）福岡支店
6001001,■株式会社松山生協,1300055,旭食品株式会社松山支店
6001003,■株式会社食品の店おおた,1301399,ユアサ・フナショク株式会社横浜支店
6001004,■株式会社神鉄エンタープライズ,1300019,加藤産業株式会社西近畿支社神姫支店
6001005,■株式会社瀬戸内,1301615,旭食品株式会社中国支店
6001006,■株式会社石川屋,1300062,伊藤忠食品株式会社東海営業本部
6001010,■株式会社大国屋,1301517,株式会社日本アクセス京都支店
6001013,■株式会社大門サンケイ,1300003,加藤産業株式会社南関東支社南東京支店
6001016,■株式会社中村屋(奈良),1301625,旭食品株式会社京都支店
6001027,■株式会社武田商店,1300199,ボーキ佐藤株式会社郡山支店
6001031,■株式会社末広,1300050,旭食品株式会社中四国支社高知支店
6001032,■株式会社木村チェーン,1300027,加藤産業株式会社中四国支社四国支店
6001034,■株式会社雷,1300011,加藤産業株式会社北近畿支社北大阪支店
6001038,■間商事有限会社,1301614,旭食品株式会社広島支店
6001045,■光株式会社,1301625,旭食品株式会社京都支店
6001047,■高知県庁消費生活協同組合,1300050,旭食品株式会社中四国支社高知支店
6001050,■今治立花農業協同組合,1301609,旭食品株式会社松山支店新居浜営業所
6001056,■三菱マテリアル直島生活協同組合,1300032,藤徳物産株式会社岡山支店
6001059,■山崎製パン株式会社,1303006,三菱食品株式会社ＣＶＳ本部
6001069,■生活協同組合コープえひめ,1301684,三菱食品（株）中四国支社四国支店愛媛ユニット
6001070,■生活協同組合とくしま生協,1301610,旭食品株式会社徳島支店
6001077,■全国農業協同組合連合会高知県本部,1301615,旭食品株式会社中国支店
6001078,■大阪市公設市場株式会社,1303189,ヤマエ久野株式会社大阪支店食品課
6001086,■日東燃料工業株式会社,1300058,旭食品株式会社関東支店
6001087,■株式会社日東物産,1300055,旭食品株式会社松山支店
6001101,■有限会社いけびんストーア,1301616,*旭食品株式会社境港支店
6001109,■有限会社グルメ,1301627,旭食品株式会社神戸支店
6001120,■有限会社スーパーほりぐち,1301619,旭食品株式会社宮崎営業所
6001129,■有限会社ナニワヤ,1300003,加藤産業株式会社南関東支社南東京支店
6001130,■有限会社ハッピー川西,1305013,旭食品株式会社大阪支店
6001134,■賛栄商事株式会社,1300011,加藤産業株式会社北近畿支社北大阪支店
6001135,■有限会社フジマート,1300055,旭食品株式会社松山支店
6001143,■有限会社ヤマトストアー,1302957,国分中部株式会社静岡支店
6001144,■有限会社ユーアイマート,1300027,加藤産業株式会社中四国支社四国支店
6001151,■有限会社岡田商店,1302036,国分西日本株式会社山陰支店
6001167,■有限会社山田商店(京都),1301625,旭食品株式会社京都支店
6001176,■有限会社大松支店,1300062,伊藤忠食品株式会社東海営業本部
6001178,■有限会社大正フードセンター,1301612,旭食品株式会社宿毛支店
6001191,■有限会社油甚,1301624,旭食品株式会社和歌山支店
6003653,■株式会社ニュー・クイック,1301370,株式会社日本アクセス東京中央支店
6003667,■サンライズ坂本,1301850,ヤマエ久野株式会社熊本支店食品課
6003669,■１００円ショップグリーン,1300019,加藤産業株式会社西近畿支社神姫支店
6003670,■アークランドサカモト株式会社,1300806,加藤産業株式会社北関東支社新潟支店
6003671,■アキラ産業株式会社,1300161,国分関信越株式会社信越支社新潟支店
6003672,■イオンビッグ株式会社,1300022,加藤産業株式会社中部支社名古屋支店
6003674,■イオン九州株式会社,1300006,加藤産業株式会社九州支社福岡支店
6003675,■イオンリテール株式会社,1300008,加藤産業株式会社東関東支社千葉支店
6003678,■イオンリテール株式会社SUC,1300007,加藤産業株式会社東北支社仙台支店
6003679,■イオンリテール株式会社アコレ,1300003,加藤産業株式会社南関東支社南東京支店
6003681,■イオンリテール株式会社カフェランテ,1302822,イオンリテール株式会社（関東RDC）
6003682,■イオンリテール株式会社まいばすけっと,1300003,加藤産業株式会社南関東支社南東京支店
6003684,■イオン北海道株式会社,1301700,加藤産業株式会社北海道支社札幌支店
6003685,■イオン琉球株式会社,1300006,加藤産業株式会社九州支社福岡支店
6003688,■糸島農業協同組合,1300152,国分九州株式会社
6003693,■株式会社G7リコスストアズ,1301380,国分首都圏株式会社SM・生協営業部
6003695,■株式会社アカカベ,1300118,株式会社日本アクセス大阪支店
6003696,■株式会社秋田ト一屋,1301282,ボーキ佐藤株式会社秋田支店
6003697,■株式会社油屋,1300182,広川株式会社営業本部
6003699,■株式会社あみはま薬局,1301615,旭食品株式会社中国支店
6003701,■株式会社アレス,1300006,加藤産業株式会社九州支社福岡支店
6003702,■株式会社アローズ,1301803,加藤産業株式会社南近畿支社阪和支店
6003706,■株式会社ウェルパーク,1300061,伊藤忠食品株式会社東日本営業部
6003708,■株式会社エース,1300081,三菱食品株式会社九州支社営業ABC
6003710,■株式会社えびすや商店,1300009,加藤産業株式会社東関東支社足立支店
6003711,■株式会社大賀薬局,1300006,加藤産業株式会社九州支社福岡支店
6003712,■株式会社大倉,1301627,旭食品株式会社神戸支店
6003713,■株式会社オークワ,1300022,加藤産業株式会社中部支社名古屋支店
6003714,■株式会社オオゼキ,1300003,加藤産業株式会社南関東支社南東京支店
6003719,■株式会社オザム,1300014,加藤産業株式会社北関東支社多摩支店
6003720,■株式会社小田商店,1300025,加藤産業株式会社中四国支社岡山支店
6003724,■株式会社カジロジスティックス,1300004,加藤産業株式会社南関東支社湘南支店
6003726,■株式会社キシフォート,1300003,加藤産業株式会社南関東支社南東京支店
6003727,■株式会社杏林堂薬局,1302995,加藤産業株式会社中部支社静岡営業所
6003728,■株式会社くすりのコーエイ,1300006,加藤産業株式会社九州支社福岡支店
6003729,■株式会社熊本フレイン,1302935,旭食品株式会社中四国支社九州中央支店
6003730,■株式会社ケンゾー,1300015,加藤産業株式会社北関東支社埼玉支店
6003731,■株式会社神戸物産西日本,1300182,広川株式会社営業本部
6003737,■株式会社サカガミグッドファーム,1300056,旭食品株式会社首都圏支店
6003741,■株式会社サンコー,1300029,今津株式会社
6003743,■株式会社三善,1302995,加藤産業株式会社中部支社静岡営業所
6003745,■株式会社ジェーソン,1300008,加藤産業株式会社東関東支社千葉支店
6003746,■株式会社シバタ,1302995,加藤産業株式会社中部支社静岡営業所
6003747,■株式会社島田屋,1301375,三菱食品株式会社営業第一本部第三グループ
6003749,■株式会社十字屋商店,1300056,旭食品株式会社首都圏支店
6003753,■株式会社スーパー藤原,1305584,丸大堀内株式会社青森支店
6003755,■株式会社スーパーヨシムラ（卸値市場ヨシムラ＆ハッスル）,1303189,ヤマエ久野株式会社大阪支店食品課
6003758,■株式会社ステーションフード,1300152,国分九州株式会社
6003759,■株式会社トモズ,1300167,国分関信越株式会社埼玉支店
6003760,■株式会社セキ薬品,1300167,国分関信越株式会社埼玉支店
6003762,■株式会社大黒流通チェーン,1300003,加藤産業株式会社南関東支社南東京支店
6003763,■株式会社大地,1301399,ユアサ・フナショク株式会社横浜支店
6003766,■株式会社竹之下,1300006,加藤産業株式会社九州支社福岡支店
6003770,■株式会社たもり,1300679,ボーキ佐藤株式会社盛岡支店
6003771,■株式会社つかさ屋,1300007,加藤産業株式会社東北支社仙台支店
6003772,■株式会社津名ショッピングセンター,1300019,加藤産業株式会社西近畿支社神姫支店
6003774,■株式会社東神,1300020,加藤産業株式会社西近畿支社阪神支店
6003775,■株式会社トップマート,1301397,ユアサ・フナショク株式会社千葉支店
6003776,■株式会社トミヤ,1300003,加藤産業株式会社南関東支社南東京支店
6003778,■ＪＲ九州ドラッグイレブン株式会社,1300006,加藤産業株式会社九州支社福岡支店
6003779,■株式会社とりせん,1300015,加藤産業株式会社北関東支社埼玉支店
6003780,■株式会社ナイス,1301282,ボーキ佐藤株式会社秋田支店
6003782,■株式会社ナガタ薬品,1300019,加藤産業株式会社西近畿支社神姫支店
6003786,■株式会社ヒバリヤ,1302995,加藤産業株式会社中部支社静岡営業所
6003788,■株式会社ファミリーマート,1300014,加藤産業株式会社北関東支社多摩支店
6003790,■株式会社フジ,1301684,三菱食品（株）中四国支社四国支店愛媛ユニット
6003791,■不二商事株式会社,1305013,旭食品株式会社大阪支店
6003792,■株式会社フルタヤ,1302995,加藤産業株式会社中部支社静岡営業所
6003793,■株式会社文化堂,1301908,株式会社サンヨー堂東京東支店
6003794,■株式会社平和堂,1300010,加藤産業株式会社北近畿支社京都支店
6003797,■株式会社ベルク,1300058,旭食品株式会社関東支店
6003799,■株式会社ホームセンターアグロ,1300019,加藤産業株式会社西近畿支社神姫支店
6003802,■株式会社まるいちフードセンター(福島),1300199,ボーキ佐藤株式会社郡山支店
6003807,■株式会社マルニ,1300007,加藤産業株式会社東北支社仙台支店
6003808,■株式会社マルハチ,1300019,加藤産業株式会社西近畿支社神姫支店
6003818,■株式会社やまか,1300088,三菱食品株式会社営業第二本部神奈川エリアオフィス
6003819,■株式会社ヤマザワ,1301607,加藤産業株式会社東北支社山形営業所
6003821,■株式会社ユニカムドラッグ,1305013,旭食品株式会社大阪支店
6003823,■株式会社吉池,1300009,加藤産業株式会社東関東支社足立支店
6003824,■株式会社リカーマウンテン,1305030,株式会社リカマンホールディングス
6003825,■株式会社レディ薬局,1300028,加藤産業株式会社中四国支社広島支店
6003826,■株式会社和光,1300182,広川株式会社営業本部
6003827,■株式会社ワタナベ,1301607,加藤産業株式会社東北支社山形営業所
6003832,■極東ファディ株式会社,1302104,*加藤産業株式会社九州支社山口営業所
6003836,■島屋株式会社,1300184,カナカン株式会社食品富山営業所
6003845,■生活協同組合おかやまコープ,1300025,加藤産業株式会社中四国支社岡山支店
6003846,■生活協同組合コープおきなわ,1301748,株式会社湧川商会
6003847,■生活協同組合コープかがわ,1300027,加藤産業株式会社中四国支社四国支店
6003848,■株式会社稲田,1300028,加藤産業株式会社中四国支社広島支店
6003851,■ダイレックス株式会社,1300028,加藤産業株式会社中四国支社広島支店
6003854,■たつみストアー株式会社,1302995,加藤産業株式会社中部支社静岡営業所
6003857,■ナガヤ株式会社,1300004,加藤産業株式会社南関東支社湘南支店
6003862,■日田市民生活協同組合,1300189,コゲツ産業（株）福岡支店
6003866,■紅屋商事株式会社,1301608,加藤産業株式会社東北支社秋田支店
6003868,■株式会社フレスコ,1300056,旭食品株式会社首都圏支店
6003869,■マックスバリュ関東株式会社,1300008,加藤産業株式会社東関東支社千葉支店
6003870,■マックスバリュ九州株式会社,1300006,加藤産業株式会社九州支社福岡支店
6003871,■マックスバリュ九州株式会社BIG,1303065,イオンリテール株式会社（九州RDC)
6003872,■マックスバリュ西日本株式会社,1300025,加藤産業株式会社中四国支社岡山支店
6003875,■マックスバリュ中部株式会社,1300019,加藤産業株式会社西近畿支社神姫支店
6003876,■マックスバリュ長野株式会社,1300022,加藤産業株式会社中部支社名古屋支店
6003878,■マックスバリュ南東北株式会社,1300007,加藤産業株式会社東北支社仙台支店
6003880,■マックスバリュ北海道株式会社,1301700,加藤産業株式会社北海道支社札幌支店
6003884,■マックスバリュ北陸株式会社,1300022,加藤産業株式会社中部支社名古屋支店
6003887,■丸高商事株式会社,1300126,株式会社日本アクセス長崎支店
6003889,■ミニストップ株式会社,1300003,加藤産業株式会社南関東支社南東京支店
6003894,■株式会社イセダ屋(兵庫/酒),1300019,加藤産業株式会社西近畿支社神姫支店
6003895,■有限会社入谷食品センター,1300026,加藤産業株式会社中四国支社高松支店
6003901,■有限会社スーパーウエスト,1301951,加藤産業株式会社九州支社長崎支店
6003902,■有限会社住友商店,1301610,旭食品株式会社徳島支店
6003904,■有限会社つばき屋,1301951,加藤産業株式会社九州支社長崎支店
6003905,■有限会社トーエー,1301608,加藤産業株式会社東北支社秋田支店
6003906,■有限会社ドジャース商事,1301608,加藤産業株式会社東北支社秋田支店
6003911,■ユニバーサルドラッグ株式会社,1300009,加藤産業株式会社東関東支社足立支店
6003915,■株式会社三和,1300004,加藤産業株式会社南関東支社湘南支店
6003924,■株式会社日敷,1300179,丸大堀内株式会社横手支店
6003962,■スーパーヤオスズ株式会社,1300077,株式会社大物
6003964,■株式会社サークルワン,1300028,加藤産業株式会社中四国支社広島支店
6003965,■有限会社ママノ店シバノ,1301516,株式会社日本アクセス神戸支店
6012755,■株式会社コクミン,1301804,加藤産業株式会社南近畿支社阪南支店
6012758,■ＡＮＣ関西株式会社スーパーサンエー,1305013,旭食品株式会社大阪支店
6012770,■株式会社マロード(京都/メッサ北野),1301625,旭食品株式会社京都支店
6012809,■株式会社トライウェル,1300058,旭食品株式会社関東支店
6012812,■マックスバリュ東北株式会社BIG,1300007,加藤産業株式会社東北支社仙台支店
6012887,■株式会社やまや,1305572,やまや商流株式会社（名古屋）
6012888,■株式会社エイチジーシー,1302019,三菱食品株式会社関西支社営業第四部
6012901,■株式会社一号舘,1300095,三菱食品株式会社中部支社営業部
6012903,■生活協同組合コープやまぐち,1300006,加藤産業株式会社九州支社福岡支店
6012907,■株式会社西岡酒店,1301624,旭食品株式会社和歌山支店
6012908,■株式会社三ツ丸ストア,1301625,旭食品株式会社京都支店
6012910,■株式会社食品館空港,1303184,三菱食品株式会社関東支社加食本部営業第一部
6012911,■株式会社岩喜,1301625,旭食品株式会社京都支店
6013251,■ライフケアスポットタカハラ,1300032,藤徳物産株式会社岡山支店
6013253,■博多ステーションフード株式会社,1302935,旭食品株式会社中四国支社九州中央支店
6013255,■有限会社山科食品,1303189,ヤマエ久野株式会社大阪支店食品課
6013258,■有限会社森山,1300052,旭食品株式会社大阪南支店
6013259,■株式会社大橋商店,1301615,旭食品株式会社中国支店
6013275,■有限会社岡南,1301615,旭食品株式会社中国支店
6013288,■有限会社マルイチ,1301853,ヤマエ久野株式会社宮崎支店食品課
6013296,■有限会社ドラッグフジカワ,1301612,旭食品株式会社宿毛支店
6013303,■香川県農業協同組合,1300059,旭食品株式会社四国支店
6013508,■株式会社だいまる,1300820,国分関信越株式会社栃木支社
6013510,■マツサカ株式会社,1300025,加藤産業株式会社中四国支社岡山支店
6013512,■株式会社希望の店,1300137,株式会社サンヨー堂福岡支店
6013513,■有限会社スーパーぬきさこ,1300137,株式会社サンヨー堂福岡支店
6013516,■株式会社丸正高木商店,1300029,今津株式会社
6013517,■麻生芳雄商事株式会社,1302935,旭食品株式会社中四国支社九州中央支店
6013522,■株式会社スーパーもりかわ,1300052,旭食品株式会社大阪南支店
6013523,■株式会社瀬川食品,1300136,株式会社サンヨー堂大阪支店
6013525,■北辰商事株式会社,1300044,三井物産流通G（株）首都圏支社東京営業部営業第一室
6013527,■株式会社玉城,1300170,国分中部株式会社伊勢支店
6013530,■株式会社佐野屋,1300050,旭食品株式会社中四国支社高知支店
6013548,■株式会社トウズ,1301373,株式会社日本アクセス千葉支店
6013550,■株式会社ニシイチドラッグ,1305013,旭食品株式会社大阪支店
6013800,■株式会社トップワン,1300727,三井物産流通グループ株式会社中部支社量販営業部
6013801,■有限会社スーパーウチヤマダ,1301619,旭食品株式会社宮崎営業所
6013806,■有限会社リアル,1301614,旭食品株式会社広島支店
6013807,■株式会社クリシマ,1300056,旭食品株式会社首都圏支店
6013894,■ショッピングのだ,1302024,加藤産業株式会社九州支社宮崎営業所
6013898,■株式会社マルイチ(宮崎),1301397,ユアサ・フナショク株式会社千葉支店
6013963,■ＡＮＣ東海株式会社ニューライフフジ,1302957,国分中部株式会社静岡支店
6014009,■株式会社よしや,1300058,旭食品株式会社関東支店
6014024,■株式会社三平,1300056,旭食品株式会社首都圏支店
6014080,■魚住商店,1300050,旭食品株式会社中四国支社高知支店
6014111,■一富士フードサービス株式会社,1300027,加藤産業株式会社中四国支社四国支店
6014147,■株式会社エフ・クライミング,1300056,旭食品株式会社首都圏支店
6014150,■株式会社コイズミ産業,1300154,国分首都圏株式会社
6014152,■株式会社饒田,1302814,国分首都圏株式会社神奈川支社
6014269,■株式会社丸喜,1300006,加藤産業株式会社九州支社福岡支店
6014270,■株式会社ハットリー,1301853,ヤマエ久野株式会社宮崎支店食品課
6014271,■有限会社二軒屋商店,1301615,旭食品株式会社中国支店
6014273,■有限会社中央ストアー黒木,1300137,株式会社サンヨー堂福岡支店
6014274,■株式会社海星ムサシ,1301616,*旭食品株式会社境港支店
6014283,■株式会社ジャパンミート,1306613,株式会社ジャパンミート
6014284,■株式会社富士マート,1300058,旭食品株式会社関東支店
6014315,■株式会社スーパーまるまつ,1302935,旭食品株式会社中四国支社九州中央支店
6014570,■ビバ甲子園,1301627,旭食品株式会社神戸支店
6014587,■神崎屋,1300010,加藤産業株式会社北近畿支社京都支店
6014594,■株式会社スーパーみらべる,1300154,国分首都圏株式会社
6014713,■株式会社デハラ,1301804,加藤産業株式会社南近畿支社阪南支店
6014714,■株式会社豊月,1303297,三井物産流通グループ株式会社北海道支社食品営業部
6014754,■和歌山県農業協同組合連合会,1301624,旭食品株式会社和歌山支店
6014802,■株式会社酒のカワサキグループ,1300183,カナカン株式会社食品七尾営業所
6014803,■株式会社ハローズ（大阪）,1300064,伊藤忠食品株式会社中四国支店
6014833,■有限会社中村商事,1301396,ユアサ・フナショク株式会社埼玉支店
6014848,■有限会社菜佳,1301804,加藤産業株式会社南近畿支社阪南支店
6014876,■元三フード株式会社,1300010,加藤産業株式会社北近畿支社京都支店
6014887,■株式会社サンフレッシュ,1301625,旭食品株式会社京都支店
6014888,■株式会社ローソン,1303006,三菱食品株式会社ＣＶＳ本部
6016046,■本間物産販売株式会社,1301279,丸大堀内(株）みやぎ支店
6016047,■スター株式会社,1300029,今津株式会社
6016081,■三河屋コーポレーション株式会社,1301336,ユアサ・フナショク株式会社松戸支店
6016108,■株式会社コスギ,1303187,三菱食品株式会社中部支社加食営業第二部
6016114,■株式会社Ａマートアブヤス,1301253,国分九州株式会社鹿児島支店
6016266,■協同組合亀岡ショッピングセンター,1301625,旭食品株式会社京都支店
6016267,■株式会社ミワ商店,1300059,旭食品株式会社四国支店
6016297,■ウエルマート株式会社,1300019,加藤産業株式会社西近畿支社神姫支店
6016298,■株式会社アスタラビスタ,1301951,加藤産業株式会社九州支社長崎支店
6016325,■株式会社マルダイ,1301282,ボーキ佐藤株式会社秋田支店
6016386,■株式会社マツモト,1302019,三菱食品株式会社関西支社営業第四部
6016412,■生活協同組合コープさっぽろ,1301700,加藤産業株式会社北海道支社札幌支店
6016517,■株式会社ストックニシノ,1300052,旭食品株式会社大阪南支店
6016541,■株式会社マミーマート,1300015,加藤産業株式会社北関東支社埼玉支店
6016542,■株式会社ショッピングセンター坂元,1301853,ヤマエ久野株式会社宮崎支店食品課
6016627,■株式会社いせ屋,1300152,国分九州株式会社
6016654,■株式会社産直,1301803,加藤産業株式会社南近畿支社阪和支店
6016671,■株式会社マルコシ・シーガル・マルシェ・デ・キッチン,1300122,日本アクセス北海道株式会社加工食品部
6016732,■株式会社アンフレ,1303189,ヤマエ久野株式会社大阪支店食品課
6016756,■株式会社伊藤チェーン,1300195,ボーキ佐藤株式会社仙台支店
6016784,■株式会社オアシスＭＳＣ,1301609,旭食品株式会社松山支店新居浜営業所
6016968,■有限会社サニーマート,1301683,三菱食品（株）中四国支社四国支店高知ユニット
6017186,■マックスバリュ東北株式会社,1300007,加藤産業株式会社東北支社仙台支店
6017247,■株式会社かましん,1300820,国分関信越株式会社栃木支社
6017286,■有限会社吉田商店,1301654,三井物産流通G（株）首都圏支社中央営業部営業第二室
6017289,■株式会社三徳,1301375,三菱食品株式会社営業第一本部第三グループ
6017334,■株式会社一ウ商事,1301700,加藤産業株式会社北海道支社札幌支店
6017335,■株式会社山形清分,1302952,丸大堀内株式会社山形支店
6017652,■株式会社マルヤ,1300015,加藤産業株式会社北関東支社埼玉支店
6017654,■株式会社ビッグミカエル,1300152,国分九州株式会社
6017744,■株式会社コスモス薬品,1300058,旭食品株式会社関東支店
6017823,■生活協同組合連合会コープ中国四国事業連合,1300028,加藤産業株式会社中四国支社広島支店
6017834,■株式会社ツルハ,1300056,旭食品株式会社首都圏支店
6017839,■株式会社オーシャンシステム,1301894,カナカン株式会社食品新潟営業所
6017840,■明治屋産業株式会社,1301659,三井物産流通グループ株式会社九州支社北部九州営業室
6017889,■株式会社アオイサポート,1300118,株式会社日本アクセス大阪支店
6017899,■荒井商事株式会社,1305046,三井物産流通グループ株式会社首都圏支社首都圏西営業部
6017945,■株式会社安岡,1301421,国分北海道株式会社
6018087,■株式会社フレッシュマート太陽,1300195,ボーキ佐藤株式会社仙台支店
6018314,■有限会社マルナカ,1301254,国分九州株式会社北薩営業所
6018449,■株式会社オズメッセ,1300055,旭食品株式会社松山支店
6018478,■株式会社ニーズ,1300001,ユアサ・フナショク株式会社東京支店
6018488,■株式会社フードウェイ,1301659,三井物産流通グループ株式会社九州支社北部九州営業室
6018489,■イオンマーケット株式会社,1300008,加藤産業株式会社東関東支社千葉支店
6018573,■株式会社キャンドゥ,1300044,三井物産流通G（株）首都圏支社東京営業部営業第一室
6018647,■ビッグボスシバザキ株式会社,1301397,ユアサ・フナショク株式会社千葉支店
6018648,■有限会社江角保商店,1301616,*旭食品株式会社境港支店
6018749,■有限会社フードセンターわたなべ,1300058,旭食品株式会社関東支店
6018940,■株式会社ホームインブルーブメントひろせ,1301235,国分九州株式会社大分支店
6019040,■株式会社フーズランド,1300026,加藤産業株式会社中四国支社高松支店
6019064,■株式会社あけぼの,1301619,旭食品株式会社宮崎営業所
6019095,■吉田食品株式会社,1300773,ヤマエ久野株式会社食品福岡支店
6019114,■大学生活協同組合,1300153,国分西日本株式会社近畿支社
6019155,■三幸株式会社,1300062,伊藤忠食品株式会社東海営業本部
6019179,■株式会社伊能,1301395,ユアサ・フナショク株式会社旭支店
6019182,■富士シティオ株式会社,1302814,国分首都圏株式会社神奈川支社
6019184,■株式会社ワッツ,1303189,ヤマエ久野株式会社大阪支店食品課
6019225,■株式会社ママイ,1301609,旭食品株式会社松山支店新居浜営業所
6019404,■ゲンキー株式会社,1300010,加藤産業株式会社北近畿支社京都支店
6019534,■株式会社九州シジシー,1301519,株式会社日本アクセス鹿児島支店
6019570,■株式会社オンリーワン,1300025,加藤産業株式会社中四国支社岡山支店
6019573,■備前市場株式会社,1301615,旭食品株式会社中国支店
6019574,■エイチ・ツー・オーリテイリング株式会社,1301517,株式会社日本アクセス京都支店
6019575,■スーパーフジタ,1300010,加藤産業株式会社北近畿支社京都支店
6019579,■株式会社ステップ,1301803,加藤産業株式会社南近畿支社阪和支店
6019580,■株式会社大川,1301803,加藤産業株式会社南近畿支社阪和支店
6019581,■株式会社不二屋,1300022,加藤産業株式会社中部支社名古屋支店
6019582,■株式会社モリワキ,1301421,国分北海道株式会社
6019765,■株式会社ユニリビング,1301336,ユアサ・フナショク株式会社松戸支店
6019770,■生協ひろしま,1300028,加藤産業株式会社中四国支社広島支店
6019771,■三角商事株式会社,1300190,コゲツ産業（株）北九州支店
6019773,■株式会社サンモール,1300058,旭食品株式会社関東支店
6019774,■株式会社ふくしま,1302036,国分西日本株式会社山陰支店
6020450,■株式会社光洋,1301359,三菱食品株式会社関西支社営業第二部
6020451,■有限会社アズーロ,1300152,国分九州株式会社
6020520,■株式会社イージャパンアンドカンパニー,1300020,加藤産業株式会社西近畿支社阪神支店
6020609,■株式会社日立物流,1303006,三菱食品株式会社ＣＶＳ本部
6020846,■株式会社チューオースーパー　,1301610,旭食品株式会社徳島支店
6020847,■株式会社岡丸商店,1301803,加藤産業株式会社南近畿支社阪和支店
6020871,■ショップ五条,1300011,加藤産業株式会社北近畿支社北大阪支店
6020900,■株式会社御所リゾート,1301610,旭食品株式会社徳島支店
6020901,■小西青果株式会社(兵庫/くらし快援隊),1305013,旭食品株式会社大阪支店
6021016,■株式会社ダイマル本店,1301519,株式会社日本アクセス鹿児島支店
6021017,■サンキュー株式会社,1300049,国分西日本株式会社山口支店
6021019,■株式会社信濃屋食品,1300099,三菱食品株式会社営業第一本部第一グループ
6021088,■株式会社日之出屋岩橋,1301803,加藤産業株式会社南近畿支社阪和支店
6021595,■株式会社永野,1301853,ヤマエ久野株式会社宮崎支店食品課
6021729,■株式会社木村商店,1301803,加藤産業株式会社南近畿支社阪和支店
6021730,■ＪＡながさき県央,1300126,株式会社日本アクセス長崎支店
6021767,■株式会社ダンクユー,1301951,加藤産業株式会社九州支社長崎支店
6021811,■株式会社フラワーランド,1300056,旭食品株式会社首都圏支店
6021882,■株式会社寺本商事,1301803,加藤産業株式会社南近畿支社阪和支店
6021954,■小山商事株式会社,1301396,ユアサ・フナショク株式会社埼玉支店
6021970,■株式会社モーリ,1300020,加藤産業株式会社西近畿支社阪神支店
6021971,■株式会社北庄(スーパー北庄/大阪),1301804,加藤産業株式会社南近畿支社阪南支店
6022391,■株式会社大和,1300205,〇株式会社マルイチ産商商品事業部松本支店
6022392,■生活協同組合コープみやざき,1301853,ヤマエ久野株式会社宮崎支店食品課
6022393,■株式会社横濱屋,1300088,三菱食品株式会社営業第二本部神奈川エリアオフィス
6022394,■株式会社イトーヨーカ堂,1307130,三井物産流通Ｇ（株）リテールユニットグローサリー事業本部
6022395,■株式会社ライフコーポレーション（東京）,1300099,三菱食品株式会社営業第一本部第一グループ
6022396,■株式会社コモディイイダ,1301375,三菱食品株式会社営業第一本部第三グループ
6022397,■株式会社いなげや,1301402,三菱食品株式会社広域流通本部広域営業グループ
6022398,■株式会社千坂,1300195,ボーキ佐藤株式会社仙台支店
6022400,■株式会社ニュークイック,1300123,株式会社日本アクセス神奈川支店
6022401,■株式会社エース（北野エース）,1300099,三菱食品株式会社営業第一本部第一グループ
6022402,■藤桂京伊株式会社,1300095,三菱食品株式会社中部支社営業部
6022403,■株式会社デリシア,1301870,株式会社日本アクセス長野支店
6022404,■株式会社ラルズ,1301669,三菱食品株式会社北海道支社加食営業部
6022405,■株式会社西鉄ストア,1300081,三菱食品株式会社九州支社営業ABC
6022407,■大学生協東北事業連合,1300196,ボーキ佐藤株式会社会津若松支店
6022408,■西山商事株式会社(卸/名古屋),1300095,三菱食品株式会社中部支社営業部
6022409,■株式会社ヨークベニマル,1301408,三菱食品（株）東北支社南東北支店福島ユニット
6022410,■株式会社オギノ,1301405,三菱食品株式会社営業第二本部山梨エリアオフィス
6022411,■株式会社マルヨシセンター,1300064,伊藤忠食品株式会社中四国支店
6022413,■大学生協東京事業連合,1300154,国分首都圏株式会社
6022415,■株式会社フレッセイ,1300101,三菱食品株式会社営業第二本部北関東支店
6022417,■株式会社福田屋百貨店,1300101,三菱食品株式会社営業第二本部北関東支店
6022418,■株式会社八百半フードセンター,1300101,三菱食品株式会社営業第二本部北関東支店
6022419,■株式会社結城ショッピングセンター,1300101,三菱食品株式会社営業第二本部北関東支店
6022421,■株式会社道東アークス,1301687,三菱食品（株）北海道支社北見ユニット
6022423,■株式会社デイ・リンク,1301674,三菱食品株式会社中四国支社加食営業部
6022424,■百合ヶ丘産業株式会社,1300088,三菱食品株式会社営業第二本部神奈川エリアオフィス
6022425,■株式会社たまや,1300088,三菱食品株式会社営業第二本部神奈川エリアオフィス
6022426,■株式会社小田原百貨店,1300088,三菱食品株式会社営業第二本部神奈川エリアオフィス
6022427,■株式会社富士薬品,1300056,旭食品株式会社首都圏支店
6022428,■株式会社せんどう,1301373,株式会社日本アクセス千葉支店
6022429,■株式会社ポプラ,1303006,三菱食品株式会社ＣＶＳ本部
6022430,■株式会社スギヤマ薬品,1300095,三菱食品株式会社中部支社営業部
6022431,■株式会社あおき,1301859,株式会社メイカングループ沼津支店
6022433,■株式会社マルト,1300973,三菱食品（株）東北支社南東北支店いわきユニット
6022434,■株式会社新鮮マーケット,1301658,三井物産流通グループ株式会社九州支社広域営業室
6022435,■株式会社東海シジシー,1300062,伊藤忠食品株式会社東海営業本部
6022437,■株式会社サンベルクス,1300058,旭食品株式会社関東支店
6022441,■株式会社ブイシージー,1300196,ボーキ佐藤株式会社会津若松支店
6022444,■常洋水産株式会社,1303188,三菱食品株式会社営業第二本部ホールセラーグループ
6022452,■株式会社スギ薬局,1300095,三菱食品株式会社中部支社営業部
6022453,■ウエルシア薬局株式会社,1300095,三菱食品株式会社中部支社営業部
6022455,■株式会社原信,1301365,三菱食品（株）営業第二本部長岡支店
6022457,■株式会社スーパーバリュー,1301371,株式会社日本アクセス埼玉支店
6022458,■大学生協九州事業連合,1300152,国分九州株式会社
6022459,■株式会社ランドロームジャパン,1301403,三菱食品株式会社営業第二本部東関東支店
6022460,■株式会社ヨークマート,1301402,三菱食品株式会社広域流通本部広域営業グループ
6022461,■ヤオマサ株式会社,1300088,三菱食品株式会社営業第二本部神奈川エリアオフィス
6022462,■株式会社スズキヤ,1305046,三井物産流通グループ株式会社首都圏支社首都圏西営業部
6022463,■相鉄ローゼン株式会社,1300088,三菱食品株式会社営業第二本部神奈川エリアオフィス
6022464,■株式会社京王ストア,1301375,三菱食品株式会社営業第一本部第三グループ
6022465,■株式会社京急ストア,1300088,三菱食品株式会社営業第二本部神奈川エリアオフィス
6022466,■株式会社ウシオ,1302002,株式会社日本アクセス山陰支店
6022467,■株式会社富士屋,1302957,国分中部株式会社静岡支店
6022468,■北雄ラッキー株式会社,1301669,三菱食品株式会社北海道支社加食営業部
6022469,■コープ九州事業連合,1300080,三菱食品株式会社九州支社営業D
6022470,■株式会社スーパーカケモ,1301283,ボーキ佐藤株式会社八戸営業所
6022471,■株式会社道北アークス,1301421,国分北海道株式会社
6022472,■株式会社丸山百貨店,1300088,三菱食品株式会社営業第二本部神奈川エリアオフィス
6022476,■株式会社ドラックストアモリ,1302651,ボーキ佐藤株式会社仙台支店（千坂）
6022477,■株式会社かじ惣,1301677,三菱食品（株）中部支社北陸支店営業Ｂユニット
6022478,■株式会社トップ,1300088,三菱食品株式会社営業第二本部神奈川エリアオフィス
6022479,■株式会社西條,1301421,国分北海道株式会社
6022480,■株式会社ウオロク,1300089,三菱食品（株）営業第二本部新潟支店
6022482,■株式会社コメヤ薬局,1300633,カナカン株式会社金沢支店食品金沢営業所
6022483,■株式会社ロッキー,1300081,三菱食品株式会社九州支社営業ABC
6022485,■株式会社ダイユー,1300199,ボーキ佐藤株式会社郡山支店
6022487,■アスクル株式会社,1301360,三菱食品株式会社関西支社営業第三部
6022490,■株式会社東武,1301687,三菱食品（株）北海道支社北見ユニット
6022491,■佐賀食品株式会社,1300081,三菱食品株式会社九州支社営業ABC
6022492,■株式会社タカダ,1301994,国分九州株式会社沖縄支店
6022493,■株式会社ムーミー,1300059,旭食品株式会社四国支店
6022494,■株式会社サーブ,1300077,株式会社大物
6022495,■株式会社道南ラルズ,1301669,三菱食品株式会社北海道支社加食営業部
6022496,■アマゾンジャパン合同会社,1300088,三菱食品株式会社営業第二本部神奈川エリアオフィス
6022497,■株式会社トーホーストア,1300019,加藤産業株式会社西近畿支社神姫支店
6022501,■株式会社サンマート,1301615,旭食品株式会社中国支店
6022656,■株式会社ポートサイドリカー,1301399,ユアサ・フナショク株式会社横浜支店
6022701,■ミートプラザ株式会社,1300029,今津株式会社
6022730,■株式会社笹井商店,1300167,国分関信越株式会社埼玉支店
6022766,■株式会社味園サポート,1301803,加藤産業株式会社南近畿支社阪和支店
6022884,■有限会社栄玉,1301951,加藤産業株式会社九州支社長崎支店
6023440,■株式会社薬王堂,1300679,ボーキ佐藤株式会社盛岡支店
6023441,■株式会社フジタコーポレーション,1300073,ボーキ佐藤株式会社群馬営業所
6024517,■佐藤株式会社（サトー食鮮館）,1301572,株式会社日本アクセス福岡支店
6025936,■両備ストアカンパニー,1300182,広川株式会社営業本部
6025937,■協同組合ハニー,1301677,三菱食品（株）中部支社北陸支店営業Ｂユニット
6025938,■エフコープ生活協同組合,1300081,三菱食品株式会社九州支社営業ABC
6025939,■生活協同組合ララコープ,1300081,三菱食品株式会社九州支社営業ABC
6025944,■株式会社モリキ,1300184,カナカン株式会社食品富山営業所
6025945,■株式会社サンドラッグ,1300081,三菱食品株式会社九州支社営業ABC
6025946,■株式会社ジャパン,1301360,三菱食品株式会社関西支社営業第三部
6025949,■有限会社アイザワ,1300824,国分関信越株式会社群馬支社
6027641,■生活協同組合コープおおいた,1300081,三菱食品株式会社九州支社営業ABC
6028789,■生活協同組合コープにいがた,1301670,三菱食品株式会社営業第一本部加食本部共通
6028792,■コープさが生活協同組合,1300081,三菱食品株式会社九州支社営業ABC
6028793,■株式会社紀ノ國屋,1300099,三菱食品株式会社営業第一本部第一グループ
6028797,■株式会社クリエイトエス・ディー,1305046,三井物産流通グループ株式会社首都圏支社首都圏西営業部
6030584,■株式会社主婦の店鶴岡店,1300069,ボーキ佐藤株式会社山形支店
6032100,■㈱野川食肉食品センター,1302952,丸大堀内株式会社山形支店
6032101,■株式会社コマレオ,1301607,加藤産業株式会社東北支社山形営業所
6032102,■株式会社メイジヤ,1301804,加藤産業株式会社南近畿支社阪南支店
6032104,■株式会社G-7アグリジャパン,1300019,加藤産業株式会社西近畿支社神姫支店
6033053,■株式会社クスリのマルエ,1300007,加藤産業株式会社東北支社仙台支店
6033129,■株式会社ベルジョイス,1300679,ボーキ佐藤株式会社盛岡支店
6033130,■その他,1300077,株式会社大物
6033934,■株式会社エーコープ宮城,1301412,三菱食品株式会社東北支社加食営業第二部
6034005,■生活協同組合コープくまもと,1300080,三菱食品株式会社九州支社営業D
6034153,■株式会社丸富商店,1301336,ユアサ・フナショク株式会社松戸支店
6034154,■ひとみストアー,1301395,ユアサ・フナショク株式会社旭支店
6034156,■有限会社小林貫商事,1300150,株式会社サンヨー堂東京第一支店
6034160,■高橋畜産食肉株式会社,1300172,国分東北株式会社山形支店
6034306,■株式会社仁科百貨店,1301615,旭食品株式会社中国支店
6034786,■サツドラホールディングス株式会社,1301700,加藤産業株式会社北海道支社札幌支店
6034924,■株式会社福原,1301421,国分北海道株式会社
6034925,■明正運輸株式会社,1303187,三菱食品株式会社中部支社加食営業第二部
6034926,■株式会社マツモトキヨシ,1304730,三菱食品（株）広域流通本部ウェルネス営業グループ　
6035216,■吉通貿易株式会社,1301336,ユアサ・フナショク株式会社松戸支店
6035217,■有限会社角市商店,1301397,ユアサ・フナショク株式会社千葉支店
6035222,■まねきや,1300058,旭食品株式会社関東支店
6035499,■株式会社さとう,1301517,株式会社日本アクセス京都支店
6035500,■株式会社サンプラザ,1300050,旭食品株式会社中四国支社高知支店
6035501,■株式会社サンユーストア,1300168,国分関信越株式会社茨城支社
6035502,■株式会社しまむら,1300123,株式会社日本アクセス神奈川支店
6035503,■株式会社廣岡,1300128,株式会社日本アクセス和歌山支店
6035504,■株式会社タイヨー（九州）,1301855,ヤマエ久野株式会社鹿児島支店食品課
6035506,■株式会社スーパーストア,1301390,株式会社日本アクセス青森支店
6035507,■丸正チェーン商事株式会社,1301908,株式会社サンヨー堂東京東支店
6035509,■株式会社ミートモリタ屋,1300118,株式会社日本アクセス大阪支店
6035510,■株式会社スーパーヤマザキ,1300088,三菱食品株式会社営業第二本部神奈川エリアオフィス
6035511,■株式会社ユニバース,1300127,株式会社日本アクセス八戸支店
6035512,■株式会社与野フードセンター,1300167,国分関信越株式会社埼玉支店
6035513,■株式会社大近（ラッキー）,1300118,株式会社日本アクセス大阪支店
6035516,■スーパーサンシ株式会社,1300125,株式会社日本アクセス名古屋支店
6035518,■株式会社銀ビルストアー,1301369,株式会社日本アクセス姫路支店
6035519,■ヤマダストアー株式会社,1301369,株式会社日本アクセス姫路支店
6035521,■株式会社かん原屋商店,1300119,株式会社日本アクセス東京西支店
6035522,■株式会社リオン・ドールコーポレーション,1303714,株式会社日本アクセス郡山支店
6035524,■株式会社京阪ザ・ストア,1300029,今津株式会社
6035525,■株式会社ププレひまわり,1300120,株式会社日本アクセス福山支店
6035526,■株式会社南九州ファミリーマート,1303017,株式会社日本アクセス広域リテール営業本部九州支店鹿児島営業所
6035527,■エバグリーン廣甚株式会社,1300128,株式会社日本アクセス和歌山支店
6035528,■株式会社ドゥイング,1300126,株式会社日本アクセス長崎支店
6035529,■田辺米穀株式会社,1300128,株式会社日本アクセス和歌山支店
6035530,■株式会社マキヤ,1301508,株式会社日本アクセス静岡支店
6035532,■株式会社ＰＬＡＮＴ,1303023,株式会社日本アクセス北陸支店
6035533,■株式会社おどや,1301373,株式会社日本アクセス千葉支店
6035534,■サミット株式会社,1300119,株式会社日本アクセス東京西支店
6035536,■株式会社エレナ,1300126,株式会社日本アクセス長崎支店
6035539,■株式会社松葉屋,1300126,株式会社日本アクセス長崎支店
6035540,■大黒天物産株式会社,1300025,加藤産業株式会社中四国支社岡山支店
6035545,■株式会社和興,1301372,株式会社日本アクセス仙台支店
6035547,■株式会社西源,1300206,●株式会社マルイチ産商食品事業部長野支店
6035549,■株式会社遠鉄ストア,1301863,株式会社メイカングループ浜松本社
6035552,■株式会社シーエムシー,1300032,藤徳物産株式会社岡山支店
6035679,■株式会社エーコープ京都中央,1301517,株式会社日本アクセス京都支店
6038059,■インポートショップトレンド,1300025,加藤産業株式会社中四国支社岡山支店
6038122,■一般財団法人恵愛団,1300081,三菱食品株式会社九州支社営業ABC
6038189,■株式会社シナビズ,1303648,三菱食品株式会社開発本部ネット事業部
6038512,■株式会社キヌヤ,1301674,三菱食品株式会社中四国支社加食営業部
6038799,■株式会社みのや,1300167,国分関信越株式会社埼玉支店
6039190,■株式会社カネスエ,1300022,加藤産業株式会社中部支社名古屋支店
6039269,■生活協同組合コープあいづ,1301412,三菱食品株式会社東北支社加食営業第二部
6039276,■株式会社タジマヤ,1301750,株式会社タジマヤ本社経理部
6040362,■コープ東北サンネット（宅配）,1301412,三菱食品株式会社東北支社加食営業第二部
6040364,■株式会社ひろせストアー,1301619,旭食品株式会社宮崎営業所
6040365,■株式会社新生堂薬局,1301627,旭食品株式会社神戸支店
6040481,■株式会社旭日プロモーション,1301397,ユアサ・フナショク株式会社千葉支店
6040512,■株式会社新生堂,1300206,●株式会社マルイチ産商食品事業部長野支店
6040565,■ナチュラルローソン,1303006,三菱食品株式会社ＣＶＳ本部
6041012,■株式会社コスモコーポレーション,1300077,株式会社大物
6041250,■株式会社丸大サクラヰ薬局,1301412,三菱食品株式会社東北支社加食営業第二部
6041251,■有限会社フレッシュミネサキ,1302024,加藤産業株式会社九州支社宮崎営業所
6041252,■株式会社リーフ,1300003,加藤産業株式会社南関東支社南東京支店
6041337,■株式会社ヒライ,1300152,国分九州株式会社
6041338,■株式会社マキオ,1301253,国分九州株式会社鹿児島支店
6041604,■熊本県経済農業協同組合連合会,1300152,国分九州株式会社
6041607,■フタバ薬品株式会社,1300190,コゲツ産業（株）北九州支店
6041608,■コゲツ産業株式会社その他,1301686,三菱食品株式会社ＮＣ事業本部加食共通
6041611,■ニューヨーク・エボリューション株式会社,1300190,コゲツ産業（株）北九州支店
6041614,■株式会社Ｅ＆Ｅ,1300189,コゲツ産業（株）福岡支店
6041616,■株式会社アタックスマート,1301850,ヤマエ久野株式会社熊本支店食品課
6041618,■株式会社Ａコープ九州,1301659,三井物産流通グループ株式会社九州支社北部九州営業室
6041620,■株式会社エルショップ,1300189,コゲツ産業（株）福岡支店
6041622,■株式会社サンリブ,1300190,コゲツ産業（株）北九州支店
6041623,■株式会社九州スーパーマーケットグループ,1301572,株式会社日本アクセス福岡支店
6041624,■株式会社スーパー大浦(宮崎/パシオ/鮮ど市場),1300137,株式会社サンヨー堂福岡支店
6041626,■株式会社トキハ,1301852,ヤマエ久野株式会社大分支店食品課
6041629,■株式会社まつの,1300137,株式会社サンヨー堂福岡支店
6041634,■株式会社マルエイ（健康市場）,1300152,国分九州株式会社
6041635,■株式会社マルミヤストア,1301658,三井物産流通グループ株式会社九州支社広域営業室
6041639,■株式会社川食,1300190,コゲツ産業（株）北九州支店
6041640,■株式会社大信薬局,1300190,コゲツ産業（株）北九州支店
6041641,■株式会社大創産業,1300192,国分西日本株式会社広島支店
6041645,■株式会社明治屋食品,1300773,ヤマエ久野株式会社食品福岡支店
6041646,■新鮮市場サカイ有限会社,1300189,コゲツ産業（株）福岡支店
6041647,■株式会社鮮ど市場,1301855,ヤマエ久野株式会社鹿児島支店食品課
6041686,■大分大山町農業協同組合,1300006,加藤産業株式会社九州支社福岡支店
6041688,■株式会社戸村フーズ,1301658,三井物産流通グループ株式会社九州支社広域営業室
6047584,■株式会社サンリッチ,1302024,加藤産業株式会社九州支社宮崎営業所
6047585,■株式会社マルフジ,1300014,加藤産業株式会社北関東支社多摩支店
6047663,■株式会社ヤマダ電機,1300192,国分西日本株式会社広島支店
6047664,■株式会社イズミ,1300192,国分西日本株式会社広島支店
6047665,■株式会社ミスターマックス・ホールディングス,1300152,国分九州株式会社
6047666,■株式会社エーコープ鹿児島,1301253,国分九州株式会社鹿児島支店
6047668,■熊本大学生活協同組合,1300152,国分九州株式会社
6047669,■合同会社西友,1300148,国分首都圏株式会社GMS営業部
6047670,■株式会社ココカラファイン,1300095,三菱食品株式会社中部支社営業部
6047674,■長崎大学生活協同組合,1300152,国分九州株式会社
6047676,■立命館生活協同組合,1300152,国分九州株式会社
6047677,■下田商事株式会社,1300137,株式会社サンヨー堂福岡支店
6047923,■株式会社ホクガン,1301994,国分九州株式会社沖縄支店
6047927,■小田急商事株式会社,1302814,国分首都圏株式会社神奈川支社
6047928,■株式会社カワチ薬品,1300204,株式会社マルイチ産商食品事業部飯田支店
6047970,■株式会社マルエツ,1300148,国分首都圏株式会社GMS営業部
6047971,■株式会社マルエツプチ,1300148,国分首都圏株式会社GMS営業部
6047972,■株式会社池田喜平商店,1300157,国分首都圏株式会社卸事業部営業課
6047973,■株式会社いちやまマート,1300149,国分首都圏株式会社山梨支社
6047974,■株式会社ダイエー,1300148,国分首都圏株式会社GMS営業部
6047975,■株式会社東武ストア,1301370,株式会社日本アクセス東京中央支店
6047976,■株式会社シェルガーデン,1300148,国分首都圏株式会社GMS営業部
6047980,■株式会社エーコープ関東,1301253,国分九州株式会社鹿児島支店
6047984,■株式会社公正屋,1300363,国分首都圏株式会社第二支社西東京支店
6047986,■株式会社ヤオヒロ,1300056,旭食品株式会社首都圏支店
6047987,■八丈万有株式会社,1300154,国分首都圏株式会社
6047988,■生活協同組合ユーコープ,1302675,国分首都圏株式会社SM・生協営業部（ユーコープ）
6047989,■ユニー株式会社,1300114,株式会社昭和加工食品部
6049273,■株式会社キューピット,1300124,株式会社日本アクセス新潟支店
6049329,■イオンリカー株式会社,1300004,加藤産業株式会社南関東支社湘南支店
6049331,■株式会社リカースペース太陽,1300006,加藤産業株式会社九州支社福岡支店
6049515,■株式会社まさ屋,1300152,国分九州株式会社
6049516,■株式会社ハルタ,1301253,国分九州株式会社鹿児島支店
6049517,■スーパーヤマグチ,1300152,国分九州株式会社
6049542,■株式会社ヤスノ,1300157,国分首都圏株式会社卸事業部営業課
6049544,■有限会社八百賢,1300154,国分首都圏株式会社
6049620,■シーフロンティア株式会社,1302814,国分首都圏株式会社神奈川支社
6049800,■新印食品株式会社,1300806,加藤産業株式会社北関東支社新潟支店
6049801,■株式会社万惣,1301674,三菱食品株式会社中四国支社加食営業部
6049802,■株式会社ユタカファーマシー,1301629,旭食品株式会社名古屋支店
6049804,■スーパー小西屋,1300019,加藤産業株式会社西近畿支社神姫支店
6049831,■ふれあいショップ,1301253,国分九州株式会社鹿児島支店
6050857,■株式会社ハローデイ,1300773,ヤマエ久野株式会社食品福岡支店
6050858,■株式会社キリン堂,1300163,国分中部株式会社
6050905,■株式会社松源,1300794,株式会社久吾商店
6050906,■株式会社Olympicグループ,1305046,三井物産流通グループ株式会社首都圏支社首都圏西営業部
6050907,■株式会社ベスト電器,6050907,■株式会社ベスト電器
6051316,■株式会社ドミー,1300163,国分中部株式会社
6051361,■株式会社アイスコ,1305046,三井物産流通グループ株式会社首都圏支社首都圏西営業部
6051363,■株式会社三心,1303013,三井物産流通グループ株式会社中部支社中部営業部
6051364,■株式会社すぎた,1303013,三井物産流通グループ株式会社中部支社中部営業部
6051365,■株式会社成城石井,1305046,三井物産流通グループ株式会社首都圏支社首都圏西営業部
6051366,■株式会社タカラ・エムシー,1303000,三井物産流通グループ株式会社中部支社静岡支店
6051368,■株式会社永井商店,1303013,三井物産流通グループ株式会社中部支社中部営業部
6051370,■株式会社ビック・ライズ,1305046,三井物産流通グループ株式会社首都圏支社首都圏西営業部
6051372,■株式会社ウシヒロ,1303013,三井物産流通グループ株式会社中部支社中部営業部
6051373,■株式会社エーコープあいち,1303013,三井物産流通グループ株式会社中部支社中部営業部
6051374,■株式会社サノヤ,1300062,伊藤忠食品株式会社東海営業本部
6051375,■株式会社三協乾物店,1303013,三井物産流通グループ株式会社中部支社中部営業部
6051377,■株式会社とらや,1303000,三井物産流通グループ株式会社中部支社静岡支店
6051378,■株式会社京王商事,1303000,三井物産流通グループ株式会社中部支社静岡支店
6051380,■大賀食品株式会社,1301661,三井物産流通グループ株式会社フードサービス室
6052284,■ダートコーヒー株式会社,1301995,国分九州株式会社沖縄支店ホクガン物流センター
6052289,■株式会社バリュー100,1300025,加藤産業株式会社中四国支社岡山支店
6052600,■北陸砂糖株式会社,1300184,カナカン株式会社食品富山営業所
6052605,■株式会社サンライフ,1301235,国分九州株式会社大分支店
6052621,■株式会社石原（フードマーケットエコ・ピア）,1301397,ユアサ・フナショク株式会社千葉支店
6052622,■国分ネット卸,1303283,国分Ｇ本社株式会社ＦＳ事業部
6052872,■株式会社籠島,1301657,三井物産流通Ｇ（株）三井食品ユニット首都圏中央営業4室関信越
6052874,■株式会社浜乙女,1303013,三井物産流通グループ株式会社中部支社中部営業部
6052876,■株式会社サカツコーポレーション,1303013,三井物産流通グループ株式会社中部支社中部営業部
6052877,■岩田産業株式会社,1301661,三井物産流通グループ株式会社フードサービス室
6052879,■トヨタ車体生活協同組合,1300142,株式会社トーカン
6052880,■成田運輸株式会社,1303006,三菱食品株式会社ＣＶＳ本部
6052881,■南商事株式会社,1301660,三井物産流通グループ株式会社九州支社南九州営業室
6053554,■小倉屋株式会社,1301863,株式会社メイカングループ浜松本社
6053958,■株式会社カウネット,1303648,三菱食品株式会社開発本部ネット事業部
6054579,■株式会社インパクトワン,1300152,国分九州株式会社
6054598,■株式会社タイヨー（関東）,1301368,株式会社日本アクセス茨城支店
6054926,■有限会社ベルウッド,1305046,三井物産流通グループ株式会社首都圏支社首都圏西営業部
6055087,■株式会社城山ストアー,1301253,国分九州株式会社鹿児島支店
6055091,■株式会社そごう・西武,1300063,伊藤忠食品株式会社西日本営業部
6055164,■株式会社ホクノー,1300061,伊藤忠食品株式会社東日本営業部
6055357,■株式会社スーパーヤマダイ,1303013,三井物産流通グループ株式会社中部支社中部営業部
6055373,■株式会社エムアイフードスタイル,1300099,三菱食品株式会社営業第一本部第一グループ
6055581,■株式会社ベイサイドプレイス博多,1302935,旭食品株式会社中四国支社九州中央支店
6055637,■株式会社アマノ,1301282,ボーキ佐藤株式会社秋田支店
6055638,■井上喜太郎商店,1302952,丸大堀内株式会社山形支店
6055639,■株式会社サンデー,1301607,加藤産業株式会社東北支社山形営業所
6055640,■トウショク株式会社,1300120,株式会社日本アクセス福山支店
6055836,■シグマ薬品株式会社,1305013,旭食品株式会社大阪支店
6055838,■ジーマ株式会社,1301994,国分九州株式会社沖縄支店
6055949,■太田情報・医療・自動車専門学校生活協同組合,1300154,国分首都圏株式会社
6055950,■神奈川大学生活協同組合,1300154,国分首都圏株式会社
6056005,■株式会社クスリのアオキ,1300058,旭食品株式会社関東支店
6056062,■高山運輸,1301360,三菱食品株式会社関西支社営業第三部
6056390,■株式会社藤三,1302038,三井物産流通グループ株式会社中四国支社食品営業部
6056563,■株式会社JR東日本リテールネット,1303015,国分首都圏株式会社第一営業本部（CVS)
6056679,■株式会社イシハラフード,1300062,伊藤忠食品株式会社東海営業本部
6056680,■株式会社ダイナム,1300044,三井物産流通G（株）首都圏支社東京営業部営業第一室
6056721,■マミーズ株式会社,1300006,加藤産業株式会社九州支社福岡支店
6056875,■タケショウ株式会社,1300118,株式会社日本アクセス大阪支店
6062768,■株式会社どんたく,1300183,カナカン株式会社食品七尾営業所
6062809,■株式会社関東シジシー,1300056,旭食品株式会社首都圏支店
6062955,■株式会社手原産業倉庫,1305013,旭食品株式会社大阪支店
6064834,■株式会社広島屋,1301627,旭食品株式会社神戸支店
6064973,■株式会社イーエックス,1302814,国分首都圏株式会社神奈川支社
6065007,■ヤマテツ商事株式会社,1300183,カナカン株式会社食品七尾営業所
6065197,■トランコム株式会社,1303006,三菱食品株式会社ＣＶＳ本部
6065842,■株式会社ブルーレモン,1305226,加藤産業株式会社オリジナル商品部特販課
6065843,■マックスバリュ東海株式会社,1300095,三菱食品株式会社中部支社営業部
6066162,■有限会社ナベシマエステート,1301616,*旭食品株式会社境港支店
6066163,■株式会社浦和伊勢龍,1301371,株式会社日本アクセス埼玉支店
6066210,■株式会社ヤマダヤ,1301616,*旭食品株式会社境港支店
6066211,■有限会社松伸,1300136,株式会社サンヨー堂大阪支店
6066661,■正和商事株式会社,1301655,三井食品株式会社首都圏支社広域営業部
6066730,■株式会社タケダストアー,1300205,〇株式会社マルイチ産商商品事業部松本支店
6066922,■有限会社協和メルヘン,1300157,国分首都圏株式会社卸事業部営業課
6069178,■イトーチェーンゆりあげ食彩館,1300007,加藤産業株式会社東北支社仙台支店
6069183,■エスケイジャパン株式会社,1300157,国分首都圏株式会社卸事業部営業課
6069434,■株式会社ARTAGE,1305862,株式会社ARTAGE
6070181,■エースン,1301686,三菱食品株式会社ＮＣ事業本部加食共通
6070194,■有限会社ライフフーズタナカ,1300190,コゲツ産業（株）北九州支店
6070264,■株式会社ブレス・ロジスティクス,1301359,三菱食品株式会社関西支社営業第二部
6070310,■株式会社ドウシシャ,1300011,加藤産業株式会社北近畿支社北大阪支店
6070455,■株式会社オーエムツーネットワーク,1301614,旭食品株式会社広島支店
6070462,■株式会社ロフト,1300044,三井物産流通G（株）首都圏支社東京営業部営業第一室
6070464,■アイリスプラザ,1302651,ボーキ佐藤株式会社仙台支店（千坂）
6070735,■株式会社バロー,1300062,伊藤忠食品株式会社東海営業本部
6070893,■株式会社煙草屋安兵衛,1301399,ユアサ・フナショク株式会社横浜支店
6070898,■株式会社セリア,1300062,伊藤忠食品株式会社東海営業本部
6070899,■中部薬品株式会社,1300184,カナカン株式会社食品富山営業所
6070900,■株式会社トミダ,1300062,伊藤忠食品株式会社東海営業本部
6070901,■株式会社セブンイレブン・ジャパン,1302959,伊藤忠食品株式会社東日本営業本部（CVS）
6070903,■コーナン商事株式会社,1300022,加藤産業株式会社中部支社名古屋支店
6070905,■株式会社近商ストア,1300063,伊藤忠食品株式会社西日本営業部
6070906,■株式会社食鮮館タイヨー,1300062,伊藤忠食品株式会社東海営業本部
6070909,■株式会社カネタアマノ,1300062,伊藤忠食品株式会社東海営業本部
6070910,■株式会社プラント,1303023,株式会社日本アクセス北陸支店
6070914,■株式会社中部メイカン,1300062,伊藤忠食品株式会社東海営業本部
6079921,■トスク株式会社,1301616,*旭食品株式会社境港支店
6079943,■マサ（ド）,1300019,加藤産業株式会社西近畿支社神姫支店
6084157,■株式会社ベイシア,1300002,株式会社日本アクセス北関東支店
6084158,■株式会社ヒロロク,1301395,ユアサ・フナショク株式会社旭支店
6084159,■大東食品株式会社,1301870,株式会社日本アクセス長野支店
6093079,■株式会社ビックカメラ,1300578,国分首都圏株式会社神奈川支社横浜支店
6107244,■株式会社田中與商店,1300062,伊藤忠食品株式会社東海営業本部
6107245,■株式会社イーシーアイ,1302002,株式会社日本アクセス山陰支店
6107247,■森ビル都市企画株式会社,1301629,旭食品株式会社名古屋支店
6120733,■カドヤ産商株式会社,1300019,加藤産業株式会社西近畿支社神姫支店
6120736,■株式会社新井機械製作所,1300056,旭食品株式会社首都圏支店
6120737,■株式会社日立物流九州,1300081,三菱食品株式会社九州支社営業ABC
6121591,■株式会社メイクマン,1306045,三井物産流通グループ株式会社九州支社沖縄支店
6121599,■コウヅキユウホンテン,1301360,三菱食品株式会社関西支社営業第三部
6122425,■よねや商事株式会社,1301608,加藤産業株式会社東北支社秋田支店
6122426,■有限会社マルヤマ鈴木商店,1301508,株式会社日本アクセス静岡支店
6122429,■株式会社資生堂,1302935,旭食品株式会社中四国支社九州中央支店
6122431,■株式会社ラクーンコマース,1303283,国分Ｇ本社株式会社ＦＳ事業部
6123374,■ドラッグストアmac,1300055,旭食品株式会社松山支店
6124669,■三井造船生活協同組合,1300025,加藤産業株式会社中四国支社岡山支店
6125208,■生活協同組合コープいしかわ,1300022,加藤産業株式会社中部支社名古屋支店
6125209,■株式会社エーコープみやざき,1301239,国分九州株式会社長崎支店
6125210,■全国農業協同組合連合会,1301397,ユアサ・フナショク株式会社千葉支店
6125644,■イオングローバルＳＣＭ株式会社,1300003,加藤産業株式会社南関東支社南東京支店
6125645,■株式会社ゼンショーホールディングス,1300015,加藤産業株式会社北関東支社埼玉支店
6125646,■株式会社ビッグ・エー,1300009,加藤産業株式会社東関東支社足立支店
6126019,■株式会社Ａコープ西日本,1300027,加藤産業株式会社中四国支社四国支店
6126020,■株式会社マルサン,1301336,ユアサ・フナショク株式会社松戸支店
6126021,■株式会社フタバヤ,1300062,伊藤忠食品株式会社東海営業本部
6126375,■はっぴぃまーと（AKR食品小売共栄会),1300019,加藤産業株式会社西近畿支社神姫支店
6127229,■株式会社ＪＡライフ富山,1300022,加藤産業株式会社中部支社名古屋支店
6127230,■株式会社主婦の店,1303187,三菱食品株式会社中部支社加食営業第二部
6132314,■コープデリ生活協同組合連合会,1301670,三菱食品株式会社営業第一本部加食本部共通
6133540,■Ｃｏｕｐａｎｇ　Ｊａｐａｎ合同会社,1303269,国分首都圏株式会社業務用営業部
6136666,■エブリイホーミイホールディングス,1300025,加藤産業株式会社中四国支社岡山支店
6136667,■株式会社つがる屋,1300006,加藤産業株式会社九州支社福岡支店
6140002,■森尾青果株式会社,1300011,加藤産業株式会社北近畿支社北大阪支店
6140003,■フレッシュマートアミール,1300820,国分関信越株式会社栃木支社
6140209,■帆栄物流,1303648,三菱食品株式会社開発本部ネット事業部
6140418,■ワタミ株式会社,1301656,三井物産流通グループ株式会社業務用食材本部卸営業部
6140419,■株式会社テーオーリテイリング,1303297,三井物産流通グループ株式会社北海道支社食品営業部
6140420,■株式会社ジョイマート,1300008,加藤産業株式会社東関東支社千葉支店
6140421,■株式会社あんり,1302036,国分西日本株式会社山陰支店
6140422,■株式会社ミック・ジャパン,1300011,加藤産業株式会社北近畿支社北大阪支店
6140784,■株式会社コヅチ,1300806,加藤産業株式会社北関東支社新潟支店
6140786,■有限会社小松屋,1300057,旭食品株式会社関東支店北関東営業所
6140787,■株式会社ツジヤ,1301625,旭食品株式会社京都支店
6140789,■株式会社ハピネス,1301619,旭食品株式会社宮崎営業所
6143169,■アールシーロジスティクス株式会社,1301627,旭食品株式会社神戸支店
6143171,■株式会社平井中村屋,1300154,国分首都圏株式会社
6143172,■株式会社大三乾物,1300055,旭食品株式会社松山支店
6143774,■ゴダイ株式会社,1300019,加藤産業株式会社西近畿支社神姫支店
6143874,■株式会社みしまや,1301616,*旭食品株式会社境港支店
6143875,■間口ロジスティクス株式会社,1304054,三菱食品株式会社ＣＶＳ本部関西
6143876,■ユタカ物流株式会社,1300190,コゲツ産業（株）北九州支店
6144139,■株式会社玉商（タマノヤ酒販）,1300062,伊藤忠食品株式会社東海営業本部
6144140,■株式会社なかやま牧場,1300028,加藤産業株式会社中四国支社広島支店
6144374,■株式会社エコス,1300061,伊藤忠食品株式会社東日本営業部
6144375,■株式会社たいらや,1300061,伊藤忠食品株式会社東日本営業部
6144376,■株式会社マスダ,1300061,伊藤忠食品株式会社東日本営業部
6144377,■株式会社サトウグループ,1300007,加藤産業株式会社東北支社仙台支店
6144694,■株式会社荒木商店,1301369,株式会社日本アクセス姫路支店
6144701,■スーパーあおき,1301572,株式会社日本アクセス福岡支店
6144702,■Uber Japan株式会社,1301402,三菱食品株式会社広域流通本部広域営業グループ
6144988,■株式会社ファインズファルマ,1300163,国分中部株式会社
6144989,■株式会社MonotaRO,1303189,ヤマエ久野株式会社大阪支店食品課
6144990,■株式会社サイキ,1301572,株式会社日本アクセス福岡支店
6144991,■株式会社おーばん,1303714,株式会社日本アクセス郡山支店
6145384,■株式会社エーコープ近畿,1300170,国分中部株式会社伊勢支店
6146469,■株式会社金市商店,1301625,旭食品株式会社京都支店
6146470,■株式会社戸村精肉本店,1301659,三井物産流通グループ株式会社九州支社北部九州営業室
6147729,■株式会社ハシドラッグ,1300199,ボーキ佐藤株式会社郡山支店
6148219,■株式会社スーパーアルプス,1301916,君沢サンヨー株式会社
6149679,■株式会社長野県A・コープ,1300022,加藤産業株式会社中部支社名古屋支店
6149939,■有限会社三和綜合食品,1300773,ヤマエ久野株式会社食品福岡支店
6150529,■株式会社清水商店,1303714,株式会社日本アクセス郡山支店
6150704,■コンパスグループ・ジャパン株式会社,1303283,国分Ｇ本社株式会社ＦＳ事業部
6151804,■株式会社ぎゅーとら,1306336,株式会社山星屋中部支店
6152025,■株式会社本間青果,1300007,加藤産業株式会社東北支社仙台支店
6152229,■ナイスムラカミ,1300182,広川株式会社営業本部
6152384,■株式会社花正,1300193,株式会社花正
6152385,■株式会社駿河屋魚一,1303013,三井物産流通グループ株式会社中部支社中部営業部
6152386,■株式会社カーニバル,1300190,コゲツ産業（株）北九州支店
6152387,■株式会社さくらみくら,1300015,加藤産業株式会社北関東支社埼玉支店
6152389,■株式会社三和物産,1301608,加藤産業株式会社東北支社秋田支店
6152390,■晴れの国岡山農業協同組合,1301615,旭食品株式会社中国支店
6152391,■株式会社葵商事,1300058,旭食品株式会社関東支店
6152392,■オーディーユージャパン株式会社,1300029,今津株式会社
6152393,■有限会社ＨＲウェルス,1300055,旭食品株式会社松山支店
6152396,■株式会社大屋,1300050,旭食品株式会社中四国支社高知支店
6152397,■株式会社関西シジシー,1305013,旭食品株式会社大阪支店
6152399,■株式会社丸コマルコストアー,1301421,国分北海道株式会社
6152400,■ＡＴＥ株式会社,1300152,国分九州株式会社
6152401,■株式会社Aコープ東日本,1300363,国分首都圏株式会社第二支社西東京支店
6152403,■めぐみの農業協同組合,1303013,三井物産流通グループ株式会社中部支社中部営業部
6152405,■株式会社マルエー,1300633,カナカン株式会社金沢支店食品金沢営業所
6152410,■アメリカンG,1301850,ヤマエ久野株式会社熊本支店食品課
6152411,■アルビス株式会社,1300184,カナカン株式会社食品富山営業所
6152412,■エイケイアール食品,1303189,ヤマエ久野株式会社大阪支店食品課
6152413,■株式会社エスマート,1300032,藤徳物産株式会社岡山支店
6152415,■有限会社大松支店(オオマツフード),1300062,伊藤忠食品株式会社東海営業本部
6152416,■おきなわ農業協同組合,1301748,株式会社湧川商会
6152417,■おてんとさん,1302651,ボーキ佐藤株式会社仙台支店（千坂）
6152418,■かわべ,1300032,藤徳物産株式会社岡山支店
6152419,■ガンピー,1300077,株式会社大物
6152420,■キムラ,1302952,丸大堀内株式会社山形支店
6152421,■キラヤ,1300204,株式会社マルイチ産商食品事業部飯田支店
6152422,■株式会社クスリのサンロード,1300205,〇株式会社マルイチ産商商品事業部松本支店
6152423,■グラントマト株式会社,1300199,ボーキ佐藤株式会社郡山支店
6152424,■ケント福島,1300077,株式会社大物
6152426,■コープ近畿事業連合,1300153,国分西日本株式会社近畿支社
6152427,■コープ北陸事業連合,1300633,カナカン株式会社金沢支店食品金沢営業所
6152428,■コストコホールセールジャパン株式会社,1303560,コストコホールセールジャパン株式会社
6152429,■こみね商店,1301748,株式会社湧川商会
6152431,■サヌキヤ,1300032,藤徳物産株式会社岡山支店
6152432,■サンシールさの,1301853,ヤマエ久野株式会社宮崎支店食品課
6152433,■サンストア,1301852,ヤマエ久野株式会社大分支店食品課
6152434,■サンダイコー,1300077,株式会社大物
6152435,■サンマリ,1301279,丸大堀内(株）みやぎ支店
6152437,■シミズヤ,1301365,三菱食品（株）営業第二本部長岡支店
6152438,■株式会社ジャコム石川,1300633,カナカン株式会社金沢支店食品金沢営業所
6152440,■宍戸青果株式会社(スーパーシシド),1302651,ボーキ佐藤株式会社仙台支店（千坂）
6152443,■スーパー大津,1300206,●株式会社マルイチ産商食品事業部長野支店
6152444,■セイコーマート,1305405,株式会社セイコーフレッシュフーズ茨城配送センター
6152445,■ダイゼン,1301421,国分北海道株式会社
6152446,■タカギ三条,1300077,株式会社大物
6152447,■タカシマヤ,1300032,藤徳物産株式会社岡山支店
6152451,■とりわか食品工業,1300031,国分西日本株式会社岡山支店
6152454,■ニュー直江,1300152,国分九州株式会社
6152455,■ハウディ,1300077,株式会社大物
6152456,■バザール,1301282,ボーキ佐藤株式会社秋田支店
6152457,■パメラ2,1300049,国分西日本株式会社山口支店
6152458,■ピープルズ,1300136,株式会社サンヨー堂大阪支店
6152459,■ひかり商事株式会社,1301748,株式会社湧川商会
6152460,■ビッグハウス,1300182,広川株式会社営業本部
6152461,■ファミリーストアさとう,1303013,三井物産流通グループ株式会社中部支社中部営業部
6152462,■フーコット,1300167,国分関信越株式会社埼玉支店
6152463,■フーズマーケットメイト,1300182,広川株式会社営業本部
6152464,■フジサン,1300033,藤徳物産株式会社福山支店
6152465,■フジ物産株式会社,1302957,国分中部株式会社静岡支店
6152466,■ホームセンタータバタ,1301748,株式会社湧川商会
6152468,■マークスＨＤ和興,1300195,ボーキ佐藤株式会社仙台支店
6152469,■株式会社マイヤ(マークスグループ),1300679,ボーキ佐藤株式会社盛岡支店
6152470,■マイJPN,1300077,株式会社大物
6152471,■マグフーズ,1300062,伊藤忠食品株式会社東海営業本部
6152472,■マックスバリュ西日本株式会社ザ・ビッグ,1300019,加藤産業株式会社西近畿支社神姫支店
6152474,■まるきスーパー,1301748,株式会社湧川商会
6152475,■マルコク株式会社,1300633,カナカン株式会社金沢支店食品金沢営業所
6152476,■マルサム株式会社,1300184,カナカン株式会社食品富山営業所
6152477,■マルチ山本,1300077,株式会社大物
6152478,■マルヤス食品,1300114,株式会社昭和加工食品部
6152479,■ミサトフーズ,1301282,ボーキ佐藤株式会社秋田支店
6152481,■みつい,1303045,ヤマエ久野株式会社長崎支店食品課
6152482,■モウリ,1300182,広川株式会社営業本部
6152483,■ヤマダ商店,1303189,ヤマエ久野株式会社大阪支店食品課
6152484,■ヤマナカ,1300062,伊藤忠食品株式会社東海営業本部
6152485,■ユーホー,1300033,藤徳物産株式会社福山支店
6152486,■レオ食品株式会社,1300195,ボーキ佐藤株式会社仙台支店
6152487,■ワールド企画,1301283,ボーキ佐藤株式会社八戸営業所
6152488,■ワタキューセイモア株式会社,1303929,カナカン株式会社長野営業所
6152489,■ワンステップ,1300077,株式会社大物
6152490,■愛知県経済農業協同組合連合会,1300062,伊藤忠食品株式会社東海営業本部
6152491,■渥美フーズ,1300142,株式会社トーカン
6152493,■伊勢屋ガリバー,1302957,国分中部株式会社静岡支店
6152494,■栄幸　,1300077,株式会社大物
6152495,■奥田商店,1300077,株式会社大物
6152496,■下呂食料品中央卸市場,1303013,三井物産流通グループ株式会社中部支社中部営業部
6152497,■株式会社Ｆａｃｉｏ,1301625,旭食品株式会社京都支店
6152498,■株式会社ＭＡＮＰＯＷ ＦＯＯＤＳ,1300184,カナカン株式会社食品富山営業所
6152499,■株式会社アオキスーパー,1300114,株式会社昭和加工食品部
6152503,■株式会社いちい,1300068,ボーキ佐藤株式会社福島営業所
6152504,■株式会社イチコ,1300206,●株式会社マルイチ産商食品事業部長野支店
6152505,■株式会社いっちょう,1300824,国分関信越株式会社群馬支社
6152506,■株式会社イワサキ,1300152,国分九州株式会社
6152507,■株式会社ウジエスーパー,1300195,ボーキ佐藤株式会社仙台支店
6152509,■株式会社エコス与野フード,1300061,伊藤忠食品株式会社東日本営業部
6152510,■株式会社エビスク,1300029,今津株式会社
6152511,■株式会社エフケイ,1300167,国分関信越株式会社埼玉支店
6152512,■株式会社エムズ,1300773,ヤマエ久野株式会社食品福岡支店
6152513,■株式会社オータニ,1300072,ボーキ佐藤株式会社北関東支店
6152515,■株式会社カクヤス,1300061,伊藤忠食品株式会社東日本営業部
6152516,■株式会社カドイケ,1301859,株式会社メイカングループ沼津支店
6152517,■株式会社カンセキ,1300820,国分関信越株式会社栃木支社
6152518,■株式会社キクコウストア,1300679,ボーキ佐藤株式会社盛岡支店
6152519,■株式会社キャメル珈琲,1303503,株式会社キャメル珈琲
6152521,■株式会社ゲオ,1301894,カナカン株式会社食品新潟営業所
6152522,■株式会社コープさばえ,1300995,カナカン株式会社食品福井営業所
6152523,■株式会社コープ東北,1300030,国分東北株式会社仙台支店
6152524,■株式会社コノミヤ関西,1300029,今津株式会社
6152526,■株式会社サカガミ,1300056,旭食品株式会社首都圏支店
6152527,■株式会社ザグザグ,1300032,藤徳物産株式会社岡山支店
6152528,■株式会社サンエー,1301994,国分九州株式会社沖縄支店
6152529,■株式会社ジョイフルサンアルファ,1303045,ヤマエ久野株式会社長崎支店食品課
6152531,■株式会社スーパーナショナル,1300029,今津株式会社
6152533,■株式会社スーパーラック,1301863,株式会社メイカングループ浜松本社
6152534,■株式会社スーパー森永,1300152,国分九州株式会社
6152535,■株式会社ダイイチ,1301421,国分北海道株式会社
6152538,■株式会社たかき,1302952,丸大堀内株式会社山形支店
6152539,■株式会社タカヤナギ,1301389,国分東北株式会社秋田支店
6152542,■株式会社ツルヤ,1300206,●株式会社マルイチ産商食品事業部長野支店
6152543,■株式会社テラタ,1301282,ボーキ佐藤株式会社秋田支店
6152544,■株式会社トップフーズ,1300152,国分九州株式会社
6152545,■株式会社とをしや薬局,1300205,〇株式会社マルイチ産商商品事業部松本支店
6152546,■株式会社ナナーズ,1303929,カナカン株式会社長野営業所
6152547,■株式会社ニシザワ,1300205,〇株式会社マルイチ産商商品事業部松本支店
6152548,■株式会社ニシムタ,1300137,株式会社サンヨー堂福岡支店
6152549,■株式会社ニッコー,1303189,ヤマエ久野株式会社大阪支店食品課
6152550,■株式会社ハピー,1300206,●株式会社マルイチ産商食品事業部長野支店
6152551,■株式会社ビーレイク,1300152,国分九州株式会社
6152553,■株式会社ビッグ富士,1301863,株式会社メイカングループ浜松本社
6152554,■株式会社ひらせいホームセンター,1301657,三井物産流通Ｇ（株）三井食品ユニット首都圏中央営業4室関信越
6152555,■株式会社フィールコーポレーション,1300062,伊藤忠食品株式会社東海営業本部
6152556,■株式会社フード三国,1300995,カナカン株式会社食品福井営業所
6152557,■株式会社ふく薬品,1301748,株式会社湧川商会
6152559,■株式会社フレスタ,1301843,中村角株式会社常温食品部
6152560,■株式会社フレッシュ マツヤ,1300161,国分関信越株式会社信越支社新潟支店
6152562,■株式会社ヘルスサポート,1300006,加藤産業株式会社九州支社福岡支店
6152563,■株式会社ベルプラスビッグプロ,1300679,ボーキ佐藤株式会社盛岡支店
6152564,■株式会社ホームセンターセブン,1301852,ヤマエ久野株式会社大分支店食品課
6152565,■株式会社ホクレン商事,1300122,日本アクセス北海道株式会社加工食品部
6152566,■株式会社まいづる百貨店,1301572,株式会社日本アクセス福岡支店
6152567,■株式会社まえだストア,1301853,ヤマエ久野株式会社宮崎支店食品課
6152569,■株式会社マルアイ,1305991,国分西日本(株)近畿支社兵庫支店
6152570,■株式会社マルキョウ,1300773,ヤマエ久野株式会社食品福岡支店
6152571,■株式会社マルショーフーズ,1300995,カナカン株式会社食品福井営業所
6152572,■株式会社みちのく流通システム,1300679,ボーキ佐藤株式会社盛岡支店
6152573,■株式会社みやはら,1300152,国分九州株式会社
6152574,■株式会社ミラックマツヤ,1302651,ボーキ佐藤株式会社仙台支店（千坂）
6152575,■株式会社ヤオコー,1300167,国分関信越株式会社埼玉支店
6152577,■株式会社やおふく,1300206,●株式会社マルイチ産商食品事業部長野支店
6152578,■株式会社ヤスサキ,1300995,カナカン株式会社食品福井営業所
6152581,■株式会社ヤマヒロ,1300199,ボーキ佐藤株式会社郡山支店
6152582,■株式会社ヤマヨ,1301283,ボーキ佐藤株式会社八戸営業所
6152583,■株式会社ヨドバシカメラ,1303838,日本酒類販売（株）流通本部流通第六支社
6152584,■株式会社リウボウストア,1301748,株式会社湧川商会
6152585,■株式会社ゑびすや商店,1300009,加藤産業株式会社東関東支社足立支店
6152586,■株式会社伊徳,1301389,国分東北株式会社秋田支店
6152587,■株式会社稲垣,1300136,株式会社サンヨー堂大阪支店
6152588,■株式会社永作,1300168,国分関信越株式会社茨城支社
6152590,■株式会社横浜ファーマシー,1301389,国分東北株式会社秋田支店
6152591,■株式会社岡谷生鮮市場,1304216,国分関信越株式会社信越支社長野支店
6152592,■株式会社丸井グループ,1300032,藤徳物産株式会社岡山支店
6152595,■株式会社丸大,1301748,株式会社湧川商会
6152596,■株式会社丸萬,1300202,ボーキ佐藤株式会社一関営業所
6152598,■株式会社岩崎宏健堂,1300049,国分西日本株式会社山口支店
6152599,■株式会社義津屋,1300062,伊藤忠食品株式会社東海営業本部
6152600,■株式会社魚はん,1301421,国分北海道株式会社
6152601,■株式会社玉木屋,1300679,ボーキ佐藤株式会社盛岡支店
6152602,■株式会社高木商会,1302957,国分中部株式会社静岡支店
6152603,■株式会社崎浜商店,1301748,株式会社湧川商会
6152604,■株式会社山京,1302036,国分西日本株式会社山陰支店
6152606,■株式会社神文ストア,1300172,国分東北株式会社山形支店
6152607,■株式会社静鉄ストア,1302957,国分中部株式会社静岡支店
6152608,■株式会社千葉セルコ,1301397,ユアサ・フナショク株式会社千葉支店
6152609,■株式会社川徳,1300679,ボーキ佐藤株式会社盛岡支店
6152610,■株式会社泉屋,1300150,株式会社サンヨー堂東京第一支店
6152611,■株式会社大津屋,1300995,カナカン株式会社食品福井営業所
6152612,■株式会社大楠屋,1300077,株式会社大物
6152613,■株式会社中国ＶＭＮ,1300182,広川株式会社営業本部
6152615,■株式会社長崎屋,1300177,丸大堀内株式会社八戸支店
6152616,■株式会社田子重,1302957,国分中部株式会社静岡支店
6152618,■株式会社東急ストアー,1300385,日清商事株式会社
6152619,■株式会社東光ストア,1301421,国分北海道株式会社
6152621,■JR北海道フレッシュキヨスク株式会社,1301669,三菱食品株式会社北海道支社加食営業部
6152622,■株式会社明和,1300152,国分九州株式会社
6152623,■株式会社綿半ホームエイド,1303929,カナカン株式会社長野営業所
6152625,■株式会社野嵩商会,1301748,株式会社湧川商会
6152626,■株式会社流通技研,1300822,国分東北株式会社盛岡支店
6152629,■株式会社宇佐美鉱油,1300062,伊藤忠食品株式会社東海営業本部
6152630,■丸栄商事,1303045,ヤマエ久野株式会社長崎支店食品課
6152631,■丸江,1300202,ボーキ佐藤株式会社一関営業所
6152632,■丸勢,1301850,ヤマエ久野株式会社熊本支店食品課
6152633,■丸政商事株式会社,1300137,株式会社サンヨー堂福岡支店
6152634,■宮崎市場,1300137,株式会社サンヨー堂福岡支店
6152635,■協同組合オクトフーズチェーン,1300152,国分九州株式会社
6152637,■玉寄スーパー,1301748,株式会社湧川商会
6152638,■金秀商事株式会社,1301748,株式会社湧川商会
6152640,■元気市場,1302952,丸大堀内株式会社山形支店
6152641,■元気市場たかはし,1300069,ボーキ佐藤株式会社山形支店
6152643,■合同会社ピュア13,1300029,今津株式会社
6152644,■三協,1303189,ヤマエ久野株式会社大阪支店食品課
6152645,■三本珈琲,1301282,ボーキ佐藤株式会社秋田支店
6152646,■山形ソルト商事株式会社,1302952,丸大堀内株式会社山形支店
6152647,■事務キチつちや　,1300206,●株式会社マルイチ産商食品事業部長野支店
6152649,■新鮮屋オタギリ,1300206,●株式会社マルイチ産商食品事業部長野支店
6152650,■生活協同組合あきた,1301282,ボーキ佐藤株式会社秋田支店
6152651,■生活協同組合おおさかパルコープ,1300153,国分西日本株式会社近畿支社
6152652,■生活協同組合コープこうべ,1300153,国分西日本株式会社近畿支社
6152653,■生鮮いちばん土崎店,1301282,ボーキ佐藤株式会社秋田支店
6152655,■誠勢同動株式会社,1300152,国分九州株式会社
6152656,■前畠商事株式会社,1300137,株式会社サンヨー堂福岡支店
6152657,■全日本食品株式会社,1300171,全日本食品株式会社関東支社
6152658,■大阪いずみ市民生活協同組合,1300153,国分西日本株式会社近畿支社
6152659,■中央マート,1301748,株式会社湧川商会
6152660,■中山牧場,1300033,藤徳物産株式会社福山支店
6152661,■中島製茶株式会社,1301421,国分北海道株式会社
6152662,■仲程商店,1301748,株式会社湧川商会
6152663,■町の直売所2号店,1305584,丸大堀内株式会社青森支店
6152664,■渡辺生鮮館,1300032,藤徳物産株式会社岡山支店
6152665,■都城市場,1300137,株式会社サンヨー堂福岡支店
6152666,■東急ライフ,1300206,●株式会社マルイチ産商食品事業部長野支店
6152667,■東中国イシコ建機株式会社,1300025,加藤産業株式会社中四国支社岡山支店
6152668,■藤澤福知山支店,1300077,株式会社大物
6152669,■南アルプス農業協同組合,1300205,〇株式会社マルイチ産商商品事業部松本支店
6152670,■伯山交通,1300195,ボーキ佐藤株式会社仙台支店
6152671,■柏木商店,1303013,三井物産流通グループ株式会社中部支社中部営業部
6152673,■繁栄,1303189,ヤマエ久野株式会社大阪支店食品課
6152674,■不二家チェーン,1300022,加藤産業株式会社中部支社名古屋支店
6152675,■福井県経済農業協同組合,1300022,加藤産業株式会社中部支社名古屋支店
6152676,■福井県民生活協同組合,1300995,カナカン株式会社食品福井営業所
6152678,■福島青果商協,1300068,ボーキ佐藤株式会社福島営業所
6152681,■有限会社いしかわ,1302002,株式会社日本アクセス山陰支店
6152682,■有限会社ウィリー,1300137,株式会社サンヨー堂福岡支店
6152683,■有限会社エニクロ,1301421,国分北海道株式会社
6152685,■有限会社まるきた商店,1300202,ボーキ佐藤株式会社一関営業所
6152688,■株式会社熊谷商店,1300061,伊藤忠食品株式会社東日本営業部
6152690,■有限会社斎新商店,1300202,ボーキ佐藤株式会社一関営業所
6152694,■有限会社静岡ワールドフーズ,1302957,国分中部株式会社静岡支店
6152695,■有限会社太陽商事,1300126,株式会社日本アクセス長崎支店
6152696,■有限会社大和ストア,1303013,三井物産流通グループ株式会社中部支社中部営業部
6152697,■有限会社中央市場,1301608,加藤産業株式会社東北支社秋田支店
6152698,■有限会社藤丸食品,1301619,旭食品株式会社宮崎営業所
6152699,■有限会社菱富,1300077,株式会社大物
6152700,■有限会社あさひ,1300062,伊藤忠食品株式会社東海営業本部
6152701,■ENEOS株式会社,1300148,国分首都圏株式会社GMS営業部
6152702,■株式会社ユウキヤ,1300002,株式会社日本アクセス北関東支店
6153381,■株式会社ライフコーポレーション（大阪）,1303384,国分西日本株式会社近畿支社（ライフ）
6153382,■フレッシュショップトマトチェーン株式会社,1300059,旭食品株式会社四国支店
6153965,■JAしみずサービス,1302957,国分中部株式会社静岡支店
6153966,■JC生鮮市場690,1300206,●株式会社マルイチ産商食品事業部長野支店
6153969,■エムエスエイ株式会社,1301804,加藤産業株式会社南近畿支社阪南支店
6153970,■カネハチ,1302957,国分中部株式会社静岡支店
6153973,■クックマート株式会社,1300114,株式会社昭和加工食品部
6153974,■グローリージャパン,1301804,加藤産業株式会社南近畿支社阪南支店
6153977,■しみずや,1300206,●株式会社マルイチ産商食品事業部長野支店
6153979,■スーパーミナミ,1301748,株式会社湧川商会
6153980,■すずまーとサンショップ,1300202,ボーキ佐藤株式会社一関営業所
6153982,■センターシティマネジメント,1301853,ヤマエ久野株式会社宮崎支店食品課
6153984,■タマモ,1300034,藤徳物産株式会社香川支店
6153988,■はりまや,1300206,●株式会社マルイチ産商食品事業部長野支店
6153992,■ほりた商店,1300184,カナカン株式会社食品富山営業所
6153993,■マツオカ,1300062,伊藤忠食品株式会社東海営業本部
6153994,■マルキフード,1302957,国分中部株式会社静岡支店
6153995,■マルタマフーズG,1303189,ヤマエ久野株式会社大阪支店食品課
6153997,■ミートピアホートク,1300062,伊藤忠食品株式会社東海営業本部
6153998,■ランディーズ,1300032,藤徳物産株式会社岡山支店
6153999,■リテイルサポート,1302036,国分西日本株式会社山陰支店
6154001,■奥原ストアー,1301748,株式会社湧川商会
6154002,■家近物産,1301852,ヤマエ久野株式会社大分支店食品課
6154003,■街の直売所,1300198,ボーキ佐藤株式会社青森支店
6154005,■株式会社Sunnyrex,1300153,国分西日本株式会社近畿支社
6154006,■株式会社あいのや,1302651,ボーキ佐藤株式会社仙台支店（千坂）
6154007,■株式会社ウィンマート,1302651,ボーキ佐藤株式会社仙台支店（千坂）
6154008,■株式会社エスシーエム,1301421,国分北海道株式会社
6154010,■株式会社サクラフーズ,1306524,カナカン株式会社外食新潟営業所
6154011,■株式会社サンシー,1301748,株式会社湧川商会
6154014,■株式会社スーパーとびしま,1300198,ボーキ佐藤株式会社青森支店
6154019,■株式会社フード福井,1300995,カナカン株式会社食品福井営業所
6154020,■株式会社愛和,1300189,コゲツ産業（株）福岡支店
6154021,■株式会社越後屋,1300206,●株式会社マルイチ産商食品事業部長野支店
6154022,■株式会社華,1300995,カナカン株式会社食品福井営業所
6154023,■株式会社舘原商店,1300152,国分九州株式会社
6154025,■株式会社隅倉,1300137,株式会社サンヨー堂福岡支店
6154026,■株式会社古田屋,1301863,株式会社メイカングループ浜松本社
6154027,■株式会社広島ママチェーン,1300182,広川株式会社営業本部
6154028,■株式会社高木酒店,1300206,●株式会社マルイチ産商食品事業部長野支店
6154029,■株式会社山大藤森商店,1301421,国分北海道株式会社
6154030,■株式会社秋津船食,1302957,国分中部株式会社静岡支店
6154031,■株式会社昭和堂,1300184,カナカン株式会社食品富山営業所
6154032,■株式会社上野商事,1300152,国分九州株式会社
6154033,■株式会社星野リゾート,1301421,国分北海道株式会社
6154035,■株式会社八百ひで,1300062,伊藤忠食品株式会社東海営業本部
6154036,■株式会社琉球デリカサービス,1301748,株式会社湧川商会
6154038,■株式会社大塚商会,1300061,伊藤忠食品株式会社東日本営業部
6154039,■丸水秋田中央水産株式会社,1301389,国分東北株式会社秋田支店
6154041,■熊井商店,1300152,国分九州株式会社
6154045,■広協商事株式会社,1300182,広川株式会社営業本部
6154046,■江戸屋本店,1300196,ボーキ佐藤株式会社会津若松支店
6154047,■合資会社サンエス白萩,1300030,国分東北株式会社仙台支店
6154048,■崎原商店,1301748,株式会社湧川商会
6154049,■酒のＡＢＣグループ,1306257,日本酒類販売（株）西日本本部大阪オフィス
6154050,■住田株式会社,1300182,広川株式会社営業本部
6154051,■昭和産業,1300205,〇株式会社マルイチ産商商品事業部松本支店
6154053,■新昭和食品,1301863,株式会社メイカングループ浜松本社
6154055,■菅文,1301283,ボーキ佐藤株式会社八戸営業所
6154056,■西条商事,1300182,広川株式会社営業本部
6154057,■西濃酒販,1300062,伊藤忠食品株式会社東海営業本部
6154058,■静岡経済連,1301863,株式会社メイカングループ浜松本社
6154060,■鮮国市場,1300199,ボーキ佐藤株式会社郡山支店
6154063,■大栄食品,1301748,株式会社湧川商会
6154065,■第一スーパー,1300206,●株式会社マルイチ産商食品事業部長野支店
6154066,■中西商店　　　　　　　　　　　　　　　　,1300633,カナカン株式会社金沢支店食品金沢営業所
6154067,■中田商店,1301283,ボーキ佐藤株式会社八戸営業所
6154068,■長井商店,1301748,株式会社湧川商会
6154071,■萩原酒店,1302957,国分中部株式会社静岡支店
6154072,■福一,1300198,ボーキ佐藤株式会社青森支店
6154075,■有限会社スーパーしんや,1300183,カナカン株式会社食品七尾営業所
6154076,■有限会社スーパー小寺,1300062,伊藤忠食品株式会社東海営業本部
6154077,■有限会社なかたストアー,1300182,広川株式会社営業本部
6154078,■有限会社ファミリーマートさとう,1300198,ボーキ佐藤株式会社青森支店
6154079,■有限会社まさるフーズ,1300126,株式会社日本アクセス長崎支店
6154082,■有限会社宇野澤商店,1301395,ユアサ・フナショク株式会社旭支店
6154083,■有限会社小崎食料品店,1301421,国分北海道株式会社
6154084,■有限会社食彩エフ,1300205,〇株式会社マルイチ産商商品事業部松本支店
6154085,■有限会社知念商会,1301748,株式会社湧川商会
6154086,■有限会社仲松商事,1300137,株式会社サンヨー堂福岡支店
6154088,■有限会社野手商店,1300820,国分関信越株式会社栃木支社
6154089,■有限会社野田食品,1301283,ボーキ佐藤株式会社八戸営業所
6154091,■与儀商店株式会社,1301748,株式会社湧川商会
6154098,■JA福井県経済連,1300022,加藤産業株式会社中部支社名古屋支店
6154102,■株式会社吉寅商店,1302036,国分西日本株式会社山陰支店
6154105,■アークランズ株式会社,1300806,加藤産業株式会社北関東支社新潟支店
6154116,■ＪＡ山口県,1300006,加藤産業株式会社九州支社福岡支店
6154333,■株式会社山岸(ホームセンターヤマキシ/福井),1300062,伊藤忠食品株式会社東海営業本部
6154334,■もったいない村,1300071,ボーキ佐藤株式会社新潟支店
6154337,■株式会社魚さいとう,1300071,ボーキ佐藤株式会社新潟支店
6154340,■グリーンシティー,1302036,国分西日本株式会社山陰支店
6154343,■株式会社ルーキーファーム,1301421,国分北海道株式会社
6154347,■105ストアー,1301748,株式会社湧川商会
6154352,■ナカハラストアー,1301748,株式会社湧川商会
6154356,■株式会社スポット(ピアレマート/ウオエイ/良食生活館),1300071,ボーキ佐藤株式会社新潟支店
6154358,■伊藤忠商事株式会社,1303929,カナカン株式会社長野営業所
6154360,■オクダ商店,1300077,株式会社大物
6154361,■マンガ倉庫,1301852,ヤマエ久野株式会社大分支店食品課
6154366,■株式会社本荘消費,1300176,丸大堀内株式会社秋田支店
6154371,■内山食品,1300184,カナカン株式会社食品富山営業所
6154374,■島原雲仙農協,1303045,ヤマエ久野株式会社長崎支店食品課
6154379,■宮川屋,1300196,ボーキ佐藤株式会社会津若松支店
6154380,■ドラッグストアヘイセイ,1302651,ボーキ佐藤株式会社仙台支店（千坂）
6154384,■肉と生鮮ジャンボ市敷島や,1300182,広川株式会社営業本部
6154385,■塩原屋,1300199,ボーキ佐藤株式会社郡山支店
6154387,■中島食品,1303189,ヤマエ久野株式会社大阪支店食品課
6154388,■スーパー中川,1300029,今津株式会社
6154393,■株式会社ノセボックス,1303189,ヤマエ久野株式会社大阪支店食品課
6154396,■有限会社ショッピング熊本屋,1300152,国分九州株式会社
6154398,■ハタジキ,1300182,広川株式会社営業本部
6154399,■御前屋,1302651,ボーキ佐藤株式会社仙台支店（千坂）
6154401,■株式会社ジャスティス,1300142,株式会社トーカン
6154405,■株式会社ピーナッツクラブ,1300063,伊藤忠食品株式会社西日本営業部
6154407,■株式会社米三,1300184,カナカン株式会社食品富山営業所
6154416,■有限会社玉末商店,1300679,ボーキ佐藤株式会社盛岡支店
6154417,■イーストア日の出屋,1300206,●株式会社マルイチ産商食品事業部長野支店
6154418,■株式会社モリフジ,1300184,カナカン株式会社食品富山営業所
6154419,■ちねんスーパー,1301748,株式会社湧川商会
6154420,■有限会社魚長,1301421,国分北海道株式会社
6154421,■山梨明食,1300205,〇株式会社マルイチ産商商品事業部松本支店
6154423,■オトキタ酒販株式会社,1301283,ボーキ佐藤株式会社八戸営業所
6154424,■株式会社清野屋(新潟),1300161,国分関信越株式会社信越支社新潟支店
6154425,■フクハマ,1300032,藤徳物産株式会社岡山支店
6154427,■食品館,1301360,三菱食品株式会社関西支社営業第三部
6154431,■株式会社大亜,1301748,株式会社湧川商会
6154433,■大幸大竹商店,1300820,国分関信越株式会社栃木支社
6154434,■株式会社フクハラ(スコール),1305584,丸大堀内株式会社青森支店
6154435,■サンエーベル,1302952,丸大堀内株式会社山形支店
6154436,■笹島菓子食品株式会社,1300383,国分東北株式会社郡山支店
6154438,■いそざき,1300137,株式会社サンヨー堂福岡支店
6154822,■株式会社八木橋,1300167,国分関信越株式会社埼玉支店
6154823,■フレッシュランドマルコー,1300183,カナカン株式会社食品七尾営業所
6154824,■JAライフクリエイト,1300199,ボーキ佐藤株式会社郡山支店
6154825,■加藤商店,1300196,ボーキ佐藤株式会社会津若松支店
6154826,■株式会社高平,1302651,ボーキ佐藤株式会社仙台支店（千坂）
6154827,■株式会社未来堂高山,1300184,カナカン株式会社食品富山営業所
6154828,■都農農場,1300137,株式会社サンヨー堂福岡支店
6154829,■小林米穀店,1300824,国分関信越株式会社群馬支社
6154830,■スーパーアイザワ,1300206,●株式会社マルイチ産商食品事業部長野支店
6154831,■アサヒ物産,1300136,株式会社サンヨー堂大阪支店
6154833,■ファンズソリューション株式会社,1306704,国分グループ本社株式会社フードサービス事業部
6154834,■イオンリテール西日本カンパニー,1302828,イオンリテール株式会社（兵庫RDC）
6154835,■イオンリテール株式会社東海カンパニー,1302826,イオンリテール株式会社（中部RDC）
6154836,■イオンリテール株式会社北陸信越カンパニー,1302826,イオンリテール株式会社（中部RDC）
6154837,■イオンリテール株式会社北関東カンパニー,1302822,イオンリテール株式会社（関東RDC）
6154838,■イオンリテール株式会社南関東カンパニー,1302822,イオンリテール株式会社（関東RDC）
6154839,■イオン東北株式会社,1300003,加藤産業株式会社南関東支社南東京支店
6154840,■オーディエー株式会社,1300029,今津株式会社
6154841,■北乃屋,1300029,今津株式会社
6154842,■ジュピターコーヒー株式会社,1304029,株式会社ジェイエム（ジュピターコーヒー(株)）
6154843,■株式会社大光,1301861,株式会社大光アミカ事業部輪之内物流センター
6154844,■株式会社ジョイフル本田,1300061,伊藤忠食品株式会社東日本営業部
6154845,■株式会社Ａコープ長野,1300205,〇株式会社マルイチ産商商品事業部松本支店
6154848,■イオンウエルシア九州株式会社,1300006,加藤産業株式会社九州支社福岡支店
6154863,■(株)新茨城食品商会,1301581,ユアサ・フナショク株式会社旭支店倉庫
6154911,■川岸商店,1300058,旭食品株式会社関東支店
6155192,■有限会社川村商店,1301421,国分北海道株式会社
6155266,■パレッテ株式会社,1300004,加藤産業株式会社南関東支社湘南支店
6155507,■ケンチャンストアー,1301748,株式会社湧川商会
6156155,■株式会社ビッグワン,1301748,株式会社湧川商会
6156156,■株式会社大阪屋ショップ,1300163,国分中部株式会社
6156374,■南塚口センターセブン,1305013,旭食品株式会社大阪支店
6156461,■株式会社きさらぎ,1300050,旭食品株式会社中四国支社高知支店
6156462,■イオンネクスト株式会社,1300008,加藤産業株式会社東関東支社千葉支店
6156695,■株式会社ワンステップ,1300019,加藤産業株式会社西近畿支社神姫支店
6157254,■シ－エツクスカ－ゴ,1300080,三菱食品株式会社九州支社営業D
6157273,■特鮮食品卸ベンダーアロス尾張旭店,1301629,旭食品株式会社名古屋支店
6157359,■岐阜産研工業株式会社ギフト事業部,1301622,ヤマキ株式会社静岡倉庫
6157435,■株式会社ナフコ,1301614,旭食品株式会社広島支店
6157532,■株式会社東日本トランスポート,1300014,加藤産業株式会社北関東支社多摩支店
6157721,■有限会社白銀屋商店,1301616,*旭食品株式会社境港支店
6158065,■株式会社ゆきひろMATE栗原店,1300543,株式会社日本アクセス福山支店物流センタｰ
6158197,■株式会社六字屋,1301506,株式会社日本アクセス姫路支店物流センター
6159089,■協同食品株式会社,1302957,国分中部株式会社静岡支店
6159121,■株式会社橋本酒店,1300058,旭食品株式会社関東支店
6160193,■有限会社小専商店,1300822,国分東北株式会社盛岡支店
6160194,■株式会社たか久,1300823,国分東北株式会社青森支店
6160195,■明治信和産業株式会社,1301421,国分北海道株式会社
6160627,■株式会社九州屋,1300014,加藤産業株式会社北関東支社多摩支店
6160628,■株式会社てらお食品(生鮮市場てらお/千葉),1300058,旭食品株式会社関東支店
6160629,■株式会社ユーカリ,1300058,旭食品株式会社関東支店
6160900,■有限会社関食品(山形),1302952,丸大堀内株式会社山形支店
6160901,■Mik株式会社,1305584,丸大堀内株式会社青森支店
6160904,■有限会社ナカムラフーズ,1301373,株式会社日本アクセス千葉支店
6160905,■株式会社角屋米穀,1301399,ユアサ・フナショク株式会社横浜支店
6160906,■株式会社見田元七商店,1301657,三井物産流通Ｇ（株）三井食品ユニット首都圏中央営業4室関信越
6160908,■株式会社ロウィンズ,1301370,株式会社日本アクセス東京中央支店
6160909,■株式会社フライフィッシュ,1303189,ヤマエ久野株式会社大阪支店食品課
6160912,■有限会社須山商店,1300032,藤徳物産株式会社岡山支店
6160913,■山晃商事株式会社,1300011,加藤産業株式会社北近畿支社北大阪支店
6160914,■株式会社フレッシュフーズファクトリー(大分),1301235,国分九州株式会社大分支店
6160915,■スーパーなかそね,1301748,株式会社湧川商会
6160916,■株式会社SOMES,1300137,株式会社サンヨー堂福岡支店
6160920,■株式会社朝日エアポートサービス,1300063,伊藤忠食品株式会社西日本営業部
6160921,■小林商事株式会社,1300061,伊藤忠食品株式会社東日本営業部
6160922,■株式会社丸徳,1300020,加藤産業株式会社西近畿支社阪神支店
6160923,■株式会社フジマート四国,1300027,加藤産業株式会社中四国支社四国支店
6160924,■南さつま農業協同組合,1301995,国分九州株式会社沖縄支店ホクガン物流センター
6161550,■株式会社フレッシュカーゴ,1300058,旭食品株式会社関東支店
6161819,■株式会社ニチエー,1300028,加藤産業株式会社中四国支社広島支店
6161820,■株式会社あいちょう釧路,1301421,国分北海道株式会社
6161830,■いずみサポート株式会社,1300055,旭食品株式会社松山支店
6162160,■株式会社松戸萬味,1301336,ユアサ・フナショク株式会社松戸支店
6162161,■嶋津トレーディング,1300179,丸大堀内株式会社横手支店
6162163,■小林米殻店,1300073,ボーキ佐藤株式会社群馬営業所
6162172,■株式会社shoichi,1306940,株式会社久世
6162173,■有限会社コウゲンフーズ,1301624,旭食品株式会社和歌山支店
6162174,■有限会社金田商店,1300032,藤徳物産株式会社岡山支店
6162175,■株式会社昆布寅,1300077,株式会社大物
6162176,■株式会社アスディライト,1300077,株式会社大物
6162177,■株式会社山憲商店(岐阜),1300062,伊藤忠食品株式会社東海営業本部
6162178,■有限会社トーカイメディア・フーズ,1300062,伊藤忠食品株式会社東海営業本部
6162180,■株式会社かきこや,1300062,伊藤忠食品株式会社東海営業本部
6162300,■株式会社北神商事,1301421,国分北海道株式会社
6162310,■株式会社倉府食品,1301951,加藤産業株式会社九州支社長崎支店
6162512,■株式会社 阪急キッチンエール関西,1301502,株式会社日本アクセス京都支店物流センター
6163094,■株式会社ヤマモトヤ,1300062,伊藤忠食品株式会社東海営業本部
6163095,■株式会社八戸港船食,1301283,ボーキ佐藤株式会社八戸営業所
6163096,■株式会社エム・ワン・エンタープライズ,1300152,国分九州株式会社
6163097,■有限会社三河屋スーパー,1300152,国分九州株式会社
6163098,■嬬恋農協,1300206,●株式会社マルイチ産商食品事業部長野支店
6163099,■マルトシ,1300205,〇株式会社マルイチ産商商品事業部松本支店
6163102,■株式会社マルイ(山陰),1301675,三菱食品（株）中四国支社営業グループ岡山ユニット
6163111,■株式会社山陽ハイクリーナー,1300031,国分西日本株式会社岡山支店
6163120,■株式会社アイ・エム・シー,1300063,伊藤忠食品株式会社西日本営業部
6163131,■有限会社菊屋,1301572,株式会社日本アクセス福岡支店
6163432,■有限会社丸ワイフードセンター(岐阜/マルワイF),1300062,伊藤忠食品株式会社東海営業本部
6163433,■株式会社さのや,1300062,伊藤忠食品株式会社東海営業本部
6163817,■三浦商事株式会社,1302935,旭食品株式会社中四国支社九州中央支店
6164484,■株式会社神戸物産東日本,1304148,関原酒造株式会社東日本
6164485,■イオンリテールストア株式会社南関東カンパニー,1302822,イオンリテール株式会社（関東RDC）
6164486,■株式会社コノミヤ東海,1300029,今津株式会社
6164487,■DCM株式会社,1300114,株式会社昭和加工食品部
6164488,■イオンリテールストア東海カンパニー,1302826,イオンリテール株式会社（中部RDC）
6164489,■株式会社マルヤス(大阪),1300118,株式会社日本アクセス大阪支店
6164490,■トモシア株式会社,1301615,旭食品株式会社中国支店
6164500,■株式会社マエダ(マークスグループ),1303714,株式会社日本アクセス郡山支店
6164501,■株式会社アエナ,1300029,今津株式会社
6164502,■イオンリテールストア北関東カンパニー,1302822,イオンリテール株式会社（関東RDC）
6164503,■ヴィルマルシェ,1300008,加藤産業株式会社東関東支社千葉支店
6164632,■西條商事株式会社(ショージ/広島),1300595,広川株式会社岡山支店
6164633,■株式会社テンプラス(札幌/菓子卸),1306922,コンフェックス株式会社札幌支店
6164634,■AKR共栄会(大阪),1300019,加藤産業株式会社西近畿支社神姫支店
6164635,■楽天株式会社,1303648,三菱食品株式会社開発本部ネット事業部
6164636,■株式会社東乾(大阪/卸),1300077,株式会社大物
6164637,■ドン・キホーテ山梨,1300205,〇株式会社マルイチ産商商品事業部松本支店
6164638,■株式会社ホームセンターみつわ(福井),1300164,国分中部株式会社北陸支社
6164639,■霧島商会,1300029,今津株式会社
6164640,■有限会社神野商店(フードセンターかんの),1301421,国分北海道株式会社
6164641,■株式会社市印相沢食料百貨店,1301421,国分北海道株式会社
6164642,■有限会社クレユー(広島菓子卸),1306554,株式会社髙山岡山支店
6164643,■有限会社横越マルフネ(新潟),1300071,ボーキ佐藤株式会社新潟支店
6164644,■株式会社フーズマーケットホック(島根),1302036,国分西日本株式会社山陰支店
6164645,■アークランズ株式会社(ムサシ食品館),1300806,加藤産業株式会社北関東支社新潟支店
6164646,■株式会社アドバンスクリヤマ(スパーマーケットシミズヤ),1301365,三菱食品（株）営業第二本部長岡支店
6164647,■有限会社仲村商店,1301374,株式会社日本アクセス東京中央支店(1)
6164648,■株式会社SYNABIZ(品川/EC),1303648,三菱食品株式会社開発本部ネット事業部
6164649,■ヨシゾノ食品有限会社(宮崎卸),1301853,ヤマエ久野株式会社宮崎支店食品課
6164650,■株式会社ケンメイ(静岡/卸),1300062,伊藤忠食品株式会社東海営業本部
6164651,■スーパードラッグいりき(宮崎),1300137,株式会社サンヨー堂福岡支店
6164652,■有限会社森原商店,1301615,旭食品株式会社中国支店
6164653,■キャリテック株式会社,1300099,三菱食品株式会社営業第一本部第一グループ
6164654,■リカー＆ドラッグ四ツ目屋,1300206,●株式会社マルイチ産商食品事業部長野支店
6164660,■茨城大学生活協同組合,1302020,国分首都圏株式会社CVS営業部
6164661,■株式会社有佐スーパー(熊本/ありさスーパー),1301572,株式会社日本アクセス福岡支店
6164662,■JA静岡経済連,1302957,国分中部株式会社静岡支店
6164663,■株式会社ニューマルシェ(大阪),1300011,加藤産業株式会社北近畿支社北大阪支店
6164664,■入来薬品有限会社(宮崎),1301853,ヤマエ久野株式会社宮崎支店食品課
6164665,■協同組合熊本スーパーマーケットグループ(CGC),1301850,ヤマエ久野株式会社熊本支店食品課
6164666,■株式会社ユアピース(大阪),1305013,旭食品株式会社大阪支店
6164667,■エムマート(熊本),1300152,国分九州株式会社
6164668,■大学生活協同組合関西北陸事業連合,1302020,国分首都圏株式会社CVS営業部
6164669,■TKO物産株式会社(大阪/アジアンフーズ),1305013,旭食品株式会社大阪支店
6164670,■株式会社角田商店,1300183,カナカン株式会社食品七尾営業所
6164671,■株式会社しげのや(千葉),1301336,ユアサ・フナショク株式会社松戸支店
6164672,■株式会社テキサス(帯広),1301421,国分北海道株式会社
6164673,■I&H株式会社(阪神調剤薬局),1300773,ヤマエ久野株式会社食品福岡支店
6164674,■鹿児島大学生活協同組合,1301994,国分九州株式会社沖縄支店
6164675,■株式会社サンエイ(長野P店),1300206,●株式会社マルイチ産商食品事業部長野支店
6164676,■エクスプライス株式会社(東京/EC/DCM),1306704,国分グループ本社株式会社フードサービス事業部
6164677,■有限会社末広マート(松山),1300055,旭食品株式会社松山支店
6164678,■株式会社渋谷レックス,1300068,ボーキ佐藤株式会社福島営業所
6164679,■なか六新鮮屋(福岡),1300152,国分九州株式会社
6164680,■たけさわストア(岩手),1301283,ボーキ佐藤株式会社八戸営業所
6164681,■田中八商店(熊本),1300152,国分九州株式会社
6164682,■神戸市小売市場連合会,1301627,旭食品株式会社神戸支店
6164683,■株式会社奈良ドラッグ(エムズ),1300020,加藤産業株式会社西近畿支社阪神支店
6164930,■東海コープ事業連合(ぎふ・あいち・みえ),1300163,国分中部株式会社
6164931,■西村ジョイ株式会社,1301614,旭食品株式会社広島支店
6196160,■株式会社爽快ドラッグ,1300088,三菱食品株式会社営業第二本部神奈川エリアオフィス
6196161,■株式会社グッデイ,1306147,三井食品株式会社福岡KBセンター（DC）
6196410,■エンド商事株式会社(大阪業務用卸),1300077,株式会社大物
6196411,■万代(宮城),1302651,ボーキ佐藤株式会社仙台支店（千坂）
6196420,■辛メーター株式会社,1300152,国分九州株式会社
6196990,■株式会社大黒,1300191,コゲツ産業（株）熊本支店
6197370,■関西陸運株式会社,1300026,加藤産業株式会社中四国支社高松支店
6197371,■株式会社セルシオ(鶴見),1300056,旭食品株式会社首都圏支店
6197372,■株式会社フォーシーズHD(福岡),1300058,旭食品株式会社関東支店
6197373,■特鮮食品卸ベンダーアロス尾張旭店,1301629,旭食品株式会社名古屋支店
6197374,■有限会社ショップ味っ子,1301615,旭食品株式会社中国支店
6197375,■東陽物流株式会社尾張西営業所,1301629,旭食品株式会社名古屋支店
6197376,■ビック酒販(ビックカメラ),1300163,国分中部株式会社
6197377,■株式会社東京ロジテック,1300014,加藤産業株式会社北関東支社多摩支店
6197378,■平野ストアー,1300163,国分中部株式会社
6197379,■釜利谷米穀店,6154869,釜利谷米穀店
6197620,■鹿島食品株式会社,1301395,ユアサ・フナショク株式会社旭支店
6200820,■株式会社なの花西日本,1305013,旭食品株式会社大阪支店
6201230,■株式会社マルイ（新潟）,1300161,国分関信越株式会社信越支社新潟支店
6201750,■株式会社迫田,1307133,日本酒類販売（株）西日本本部福岡オフィス
